{ "credit": "Made with Blockbench", "textures": { "voxels_atlas": "ttp/i/c/a/rainbowglasses" }, "elements": [ { "name": "Voxels", "from": [-0.875, 12.64225, 7.4125], "to": [-0.75, 12.76725, 8.5875], "rotation": {"angle": 0, "axis": "x", "origin": [-0.8125, 12.70475, 8.1875]}, "faces": { "east": {"uv": [14, 3, 14, 3], "texture": "#voxels_atlas"}, "west": {"uv": [14, 3, 14, 3], "texture": "#voxels_atlas"}, "up": {"uv": [14, 3, 14, 3], "rotation": 270, "texture": "#voxels_atlas"}, "down": {"uv": [14, 3, 14, 3], "rotation": 90, "texture": "#voxels_atlas"} } }, { "name": "Voxels", "from": [-1, 9.5, 3.73448], "to": [-0.875, 13.75, 5.23448], "rotation": {"angle": 0, "axis": "y", "origin": [8, 8, 1.98448]}, "faces": { "north": {"uv": [7.5, 7.5, 7.25, 16], "texture": "#voxels_atlas"}, "east": {"uv": [3, 7.5, 0, 16], "texture": "#voxels_atlas"}, "south": {"uv": [7.5, 7.5, 7.75, 16], "texture": "#voxels_atlas"}, "west": {"uv": [3, 7.5, 6, 16], "texture": "#voxels_atlas"}, "up": {"uv": [8.75, 3.25, 9, 0.25], "texture": "#voxels_atlas"}, "down": {"uv": [8.5, 0.25, 8.75, 3.25], "texture": "#voxels_atlas"} } }, { "name": "Voxels", "from": [-1, 9.625, 3.35948], "to": [-0.875, 13.625, 3.73448], "rotation": {"angle": 0, "axis": "y", "origin": [8, 8, 1.98448]}, "faces": { "north": {"uv": [9.25, 8, 9, 16], "texture": "#voxels_atlas"}, "east": {"uv": [6.75, 0, 6, 8], "texture": "#voxels_atlas"}, "west": {"uv": [6, 8, 6.75, 16], "texture": "#voxels_atlas"}, "up": {"uv": [4.5, 0.75, 4.75, 0], "texture": "#voxels_atlas"}, "down": {"uv": [4.75, 0, 5, 0.75], "texture": "#voxels_atlas"} } }, { "name": "Voxels", "from": [-1, 9.625, 5.23448], "to": [-0.875, 13.75, 5.35948], "rotation": {"angle": 0, "axis": "y", "origin": [8, 8, 1.98448]}, "faces": { "east": {"uv": [8, 7.75, 7.75, 16], "texture": "#voxels_atlas"}, "south": {"uv": [8.25, 7.75, 8.5, 16], "texture": "#voxels_atlas"}, "west": {"uv": [8.5, 7.75, 8.75, 16], "texture": "#voxels_atlas"}, "up": {"uv": [4.25, 0.25, 4.5, 0], "texture": "#voxels_atlas"}, "down": {"uv": [4, 0, 4.25, 0.25], "texture": "#voxels_atlas"} } }, { "name": "Voxels", "from": [-1, 9.625, 5.35948], "to": [-0.875, 13.625, 5.60948], "rotation": {"angle": 0, "axis": "y", "origin": [8, 8, 1.98448]}, "faces": { "east": {"uv": [7.25, 8, 6.75, 16], "texture": "#voxels_atlas"}, "south": {"uv": [9.5, 8, 9.75, 16], "texture": "#voxels_atlas"}, "west": {"uv": [6.75, 0, 7.25, 8], "texture": "#voxels_atlas"}, "up": {"uv": [5.75, 0.75, 6, 0.25], "texture": "#voxels_atlas"}, "down": {"uv": [5, 0.25, 5.25, 0.75], "texture": "#voxels_atlas"} } }, { "name": "Voxels", "from": [-1, 9.75, 3.10948], "to": [-0.875, 13.5, 3.35948], "rotation": {"angle": 0, "axis": "y", "origin": [8, 8, 1.98448]}, "faces": { "north": {"uv": [1.25, 0, 1, 7.5], "texture": "#voxels_atlas"}, "east": {"uv": [1, 0, 0.5, 7.5], "texture": "#voxels_atlas"}, "west": {"uv": [0, 0, 0.5, 7.5], "texture": "#voxels_atlas"}, "up": {"uv": [5.25, 0.75, 5.5, 0.25], "texture": "#voxels_atlas"}, "down": {"uv": [5.5, 0.25, 5.75, 0.75], "texture": "#voxels_atlas"} } }, { "name": "Voxels", "from": [-1, 9.75, 5.60948], "to": [-0.875, 13.625, 5.73448], "rotation": {"angle": 0, "axis": "y", "origin": [8, 8, 1.98448]}, "faces": { "east": {"uv": [10.5, 8.25, 10.25, 16], "texture": "#voxels_atlas"}, "south": {"uv": [10, 8.25, 10.25, 16], "texture": "#voxels_atlas"}, "west": {"uv": [7.75, 0, 8, 7.75], "texture": "#voxels_atlas"}, "up": {"uv": [3.25, 0.25, 3.5, 0], "texture": "#voxels_atlas"}, "down": {"uv": [5, 0, 5.25, 0.25], "texture": "#voxels_atlas"} } }, { "name": "Voxels", "from": [-1, 9.75, 5.73448], "to": [-0.875, 13.5, 5.85948], "rotation": {"angle": 0, "axis": "y", "origin": [8, 8, 1.98448]}, "faces": { "east": {"uv": [2.5, 0, 2.25, 7.5], "texture": "#voxels_atlas"}, "south": {"uv": [1.75, 0, 2, 7.5], "texture": "#voxels_atlas"}, "west": {"uv": [2, 0, 2.25, 7.5], "texture": "#voxels_atlas"}, "up": {"uv": [7.25, 0.75, 7.5, 0.5], "texture": "#voxels_atlas"}, "down": {"uv": [5.25, 0, 5.5, 0.25], "texture": "#voxels_atlas"} } }, { "name": "Voxels", "from": [-1, 9.875, 2.98448], "to": [-0.875, 13.5, 3.10948], "rotation": {"angle": 0, "axis": "y", "origin": [8, 8, 1.98448]}, "faces": { "north": {"uv": [2.75, 0.25, 2.5, 7.5], "texture": "#voxels_atlas"}, "east": {"uv": [3.5, 0.25, 3.25, 7.5], "texture": "#voxels_atlas"}, "west": {"uv": [3, 0.25, 3.25, 7.5], "texture": "#voxels_atlas"}, "up": {"uv": [7.5, 0.75, 7.75, 0.5], "texture": "#voxels_atlas"}, "down": {"uv": [7.25, 0, 7.5, 0.25], "texture": "#voxels_atlas"} } }, { "name": "Voxels", "from": [-1, 9.875, 5.85948], "to": [-0.875, 13.5, 5.98448], "rotation": {"angle": 0, "axis": "y", "origin": [8, 8, 1.98448]}, "faces": { "east": {"uv": [3.75, 0.25, 3.5, 7.5], "texture": "#voxels_atlas"}, "south": {"uv": [4, 0.25, 4.25, 7.5], "texture": "#voxels_atlas"}, "west": {"uv": [4.25, 0.25, 4.5, 7.5], "texture": "#voxels_atlas"}, "up": {"uv": [9, 8, 9.25, 7.75], "texture": "#voxels_atlas"}, "down": {"uv": [8.75, 7.75, 9, 8], "texture": "#voxels_atlas"} } }, { "name": "Voxels", "from": [-1, 10, 2.85948], "to": [-0.875, 13.375, 2.98448], "rotation": {"angle": 0, "axis": "y", "origin": [8, 8, 1.98448]}, "faces": { "north": {"uv": [5.75, 0.75, 5.5, 7.5], "texture": "#voxels_atlas"}, "east": {"uv": [7.75, 0.75, 7.5, 7.5], "texture": "#voxels_atlas"}, "west": {"uv": [7.25, 0.75, 7.5, 7.5], "texture": "#voxels_atlas"}, "up": {"uv": [9.5, 8, 9.75, 7.75], "texture": "#voxels_atlas"}, "down": {"uv": [9.25, 7.75, 9.5, 8], "texture": "#voxels_atlas"} } }, { "name": "Voxels", "from": [-1, 10, 5.98448], "to": [-0.875, 13.375, 6.10948], "rotation": {"angle": 0, "axis": "y", "origin": [8, 8, 1.98448]}, "faces": { "east": {"uv": [4.75, 0.75, 4.5, 7.5], "texture": "#voxels_atlas"}, "south": {"uv": [5.25, 0.75, 5.5, 7.5], "texture": "#voxels_atlas"}, "west": {"uv": [4.75, 0.75, 5, 7.5], "texture": "#voxels_atlas"}, "up": {"uv": [10, 8, 10.25, 7.75], "texture": "#voxels_atlas"}, "down": {"uv": [10, 8, 10.25, 8.25], "texture": "#voxels_atlas"} } }, { "name": "Voxels", "from": [-1, 10.125, 2.73448], "to": [-0.875, 13.25, 2.85948], "rotation": {"angle": 0, "axis": "y", "origin": [8, 8, 1.98448]}, "faces": { "north": {"uv": [10.75, 9.75, 10.5, 16], "texture": "#voxels_atlas"}, "east": {"uv": [11.5, 9.75, 11.25, 16], "texture": "#voxels_atlas"}, "west": {"uv": [11, 9.75, 11.25, 16], "texture": "#voxels_atlas"}, "up": {"uv": [10.25, 8, 10.5, 7.75], "texture": "#voxels_atlas"}, "down": {"uv": [10.25, 8, 10.5, 8.25], "texture": "#voxels_atlas"} } }, { "name": "Voxels", "from": [-1, 10.125, 6.10948], "to": [-0.875, 13.25, 6.23448], "rotation": {"angle": 0, "axis": "y", "origin": [8, 8, 1.98448]}, "faces": { "east": {"uv": [12.5, 9.75, 12.25, 16], "texture": "#voxels_atlas"}, "south": {"uv": [11.75, 9.75, 12, 16], "texture": "#voxels_atlas"}, "west": {"uv": [12, 9.75, 12.25, 16], "texture": "#voxels_atlas"}, "up": {"uv": [10.5, 9, 10.75, 8.75], "texture": "#voxels_atlas"}, "down": {"uv": [10.5, 9, 10.75, 9.25], "texture": "#voxels_atlas"} } }, { "name": "Voxels", "from": [-1, 10.25, 2.60948], "to": [-0.875, 13.125, 2.73448], "rotation": {"angle": 0, "axis": "y", "origin": [8, 8, 1.98448]}, "faces": { "north": {"uv": [13.75, 10.25, 13.5, 16], "texture": "#voxels_atlas"}, "east": {"uv": [14.5, 10.25, 14.25, 16], "texture": "#voxels_atlas"}, "west": {"uv": [14, 10.25, 14.25, 16], "texture": "#voxels_atlas"}, "up": {"uv": [10.5, 8.5, 10.75, 8.25], "texture": "#voxels_atlas"}, "down": {"uv": [10.5, 8.5, 10.75, 8.75], "texture": "#voxels_atlas"} } }, { "name": "Voxels", "from": [-1, 10.25, 6.23448], "to": [-0.875, 13.125, 6.35948], "rotation": {"angle": 0, "axis": "y", "origin": [8, 8, 1.98448]}, "faces": { "east": {"uv": [13.5, 10.25, 13.25, 16], "texture": "#voxels_atlas"}, "south": {"uv": [12.75, 10.25, 13, 16], "texture": "#voxels_atlas"}, "west": {"uv": [13, 10.25, 13.25, 16], "texture": "#voxels_atlas"}, "up": {"uv": [7.25, 0.5, 7.5, 0.25], "texture": "#voxels_atlas"}, "down": {"uv": [2.5, 0, 2.75, 0.25], "texture": "#voxels_atlas"} } }, { "name": "Voxels", "from": [-1, 10.375, 2.48448], "to": [-0.875, 13, 2.60948], "rotation": {"angle": 0, "axis": "y", "origin": [8, 8, 1.98448]}, "faces": { "north": {"uv": [14.75, 10.75, 14.5, 16], "texture": "#voxels_atlas"}, "east": {"uv": [15, 10.75, 14.75, 16], "texture": "#voxels_atlas"}, "west": {"uv": [8.25, 2.5, 8.5, 7.75], "texture": "#voxels_atlas"}, "up": {"uv": [3, 0.25, 3.25, 0], "texture": "#voxels_atlas"}, "down": {"uv": [2.75, 0, 3, 0.25], "texture": "#voxels_atlas"} } }, { "name": "Voxels", "from": [-1, 10.375, 6.35948], "to": [-0.875, 13, 6.48448], "rotation": {"angle": 0, "axis": "y", "origin": [8, 8, 1.98448]}, "faces": { "east": {"uv": [15.25, 10.75, 15, 16], "texture": "#voxels_atlas"}, "south": {"uv": [15.5, 10.75, 15.75, 16], "texture": "#voxels_atlas"}, "west": {"uv": [15.25, 10.75, 15.5, 16], "texture": "#voxels_atlas"}, "up": {"uv": [3.75, 0.25, 4, 0], "texture": "#voxels_atlas"}, "down": {"uv": [3.5, 0, 3.75, 0.25], "texture": "#voxels_atlas"} } }, { "name": "Voxels", "from": [-1, 10.625, 2.35948], "to": [-0.875, 12.875, 2.48448], "rotation": {"angle": 0, "axis": "y", "origin": [8, 8, 1.98448]}, "faces": { "north": {"uv": [9.25, 3.25, 9, 7.75], "texture": "#voxels_atlas"}, "east": {"uv": [8.75, 3.25, 8.5, 7.75], "texture": "#voxels_atlas"}, "west": {"uv": [8.75, 3.25, 9, 7.75], "texture": "#voxels_atlas"}, "up": {"uv": [5.75, 0.25, 6, 0], "texture": "#voxels_atlas"}, "down": {"uv": [5.5, 0, 5.75, 0.25], "texture": "#voxels_atlas"} } }, { "name": "Voxels", "from": [-1, 10.625, 6.48448], "to": [-0.875, 12.875, 6.60948], "rotation": {"angle": 0, "axis": "y", "origin": [8, 8, 1.98448]}, "faces": { "east": {"uv": [10.5, 3.25, 10.25, 7.75], "texture": "#voxels_atlas"}, "south": {"uv": [9.75, 3.25, 10, 7.75], "texture": "#voxels_atlas"}, "west": {"uv": [10, 3.25, 10.25, 7.75], "texture": "#voxels_atlas"}, "up": {"uv": [7.5, 0.25, 7.75, 0], "texture": "#voxels_atlas"}, "down": {"uv": [7.5, 0.25, 7.75, 0.5], "texture": "#voxels_atlas"} } }, { "name": "Voxels", "from": [-1, 10.875, 2.23448], "to": [-0.875, 12.625, 2.35948], "rotation": {"angle": 0, "axis": "y", "origin": [8, 8, 1.98448]}, "faces": { "north": {"uv": [10.75, 0.75, 10.5, 4.25], "texture": "#voxels_atlas"}, "east": {"uv": [11.25, 4.25, 11, 7.75], "texture": "#voxels_atlas"}, "west": {"uv": [10.75, 0.75, 11, 4.25], "texture": "#voxels_atlas"}, "up": {"uv": [9.75, 8, 10, 7.75], "texture": "#voxels_atlas"}, "down": {"uv": [9.75, 8, 10, 8.25], "texture": "#voxels_atlas"} } }, { "name": "Voxels", "from": [-1, 10.875, 6.60948], "to": [-0.875, 12.625, 6.73448], "rotation": {"angle": 0, "axis": "y", "origin": [8, 8, 1.98448]}, "faces": { "east": {"uv": [10.75, 4.25, 10.5, 7.75], "texture": "#voxels_atlas"}, "south": {"uv": [11.25, 4.25, 11.5, 7.75], "texture": "#voxels_atlas"}, "west": {"uv": [11.25, 0.75, 11.5, 4.25], "texture": "#voxels_atlas"}, "up": {"uv": [10.5, 9.5, 10.75, 9.25], "texture": "#voxels_atlas"}, "down": {"uv": [10.5, 9.5, 10.75, 9.75], "texture": "#voxels_atlas"} } }, { "name": "Voxels", "from": [-1, 13.5, 3.23448], "to": [-0.875, 13.625, 3.35948], "rotation": {"angle": 0, "axis": "y", "origin": [8, 8, 1.98448]}, "faces": { "north": {"uv": [11, 9.5, 10.75, 9.75], "texture": "#voxels_atlas"}, "east": {"uv": [11, 8.75, 10.75, 9], "texture": "#voxels_atlas"}, "west": {"uv": [10.75, 9, 11, 9.25], "texture": "#voxels_atlas"}, "up": {"uv": [10.5, 8, 10.75, 7.75], "texture": "#voxels_atlas"} } }, { "name": "Voxels", "from": [-1, 13.625, 3.60948], "to": [-0.875, 13.75, 3.73448], "rotation": {"angle": 0, "axis": "y", "origin": [8, 8, 1.98448]}, "faces": { "north": {"uv": [11, 8, 10.75, 8.25], "texture": "#voxels_atlas"}, "east": {"uv": [11.25, 9.25, 11, 9.5], "texture": "#voxels_atlas"}, "west": {"uv": [11, 9.5, 11.25, 9.75], "texture": "#voxels_atlas"}, "up": {"uv": [10.75, 8.5, 11, 8.25], "texture": "#voxels_atlas"} } }, { "name": "Voxels", "from": [-1.05, 12.25, 13.28448], "to": [-0.85, 12.375, 13.40948], "rotation": {"angle": 0, "axis": "y", "origin": [7.875, 7.75, 8.65948]}, "faces": { "north": {"uv": [14, 3, 14, 3], "texture": "#voxels_atlas"}, "east": {"uv": [14, 3, 14, 3], "texture": "#voxels_atlas"}, "south": {"uv": [14, 3, 14, 3], "texture": "#voxels_atlas"}, "west": {"uv": [14, 3, 14, 3], "texture": "#voxels_atlas"}, "up": {"uv": [14, 3, 14, 3], "texture": "#voxels_atlas"}, "down": {"uv": [14, 3, 14, 3], "texture": "#voxels_atlas"} } }, { "name": "Voxels", "from": [-1.05, 12.25, 2.59052], "to": [-0.85, 12.375, 2.71552], "rotation": {"angle": 0, "axis": "y", "origin": [7.875, 7.75, 7.34052]}, "faces": { "north": {"uv": [14, 3, 14, 3], "texture": "#voxels_atlas"}, "east": {"uv": [14, 3, 14, 3], "texture": "#voxels_atlas"}, "south": {"uv": [14, 3, 14, 3], "texture": "#voxels_atlas"}, "west": {"uv": [14, 3, 14, 3], "texture": "#voxels_atlas"}, "up": {"uv": [14, 3, 14, 3], "texture": "#voxels_atlas"}, "down": {"uv": [14, 3, 14, 3], "texture": "#voxels_atlas"} } }, { "name": "Voxels", "from": [-1.17019, 12.25, 14.76209], "to": [-0.22019, 12.375, 14.88709], "rotation": {"angle": -45, "axis": "y", "origin": [0.14231, 12.3125, 14.82459]}, "faces": { "north": {"uv": [14, 3, 14, 3], "texture": "#voxels_atlas"}, "south": {"uv": [14, 3, 14, 3], "texture": "#voxels_atlas"}, "up": {"uv": [14, 3, 14, 3], "texture": "#voxels_atlas"}, "down": {"uv": [14, 3, 14, 3], "texture": "#voxels_atlas"} } }, { "name": "Voxels", "from": [-1.17019, 12.25, 1.11291], "to": [-0.22019, 12.375, 1.23791], "rotation": {"angle": 45, "axis": "y", "origin": [0.14231, 12.3125, 1.17541]}, "faces": { "north": {"uv": [14, 3, 14, 3], "texture": "#voxels_atlas"}, "south": {"uv": [14, 3, 14, 3], "texture": "#voxels_atlas"}, "up": {"uv": [14, 3, 14, 3], "texture": "#voxels_atlas"}, "down": {"uv": [14, 3, 14, 3], "texture": "#voxels_atlas"} } }, { "name": "Voxels", "from": [-0.55249, 12.25, 13.28565], "to": [-0.42749, 12.375, 13.86065], "rotation": {"angle": 22.5, "axis": "y", "origin": [-0.48999, 12.3125, 14.59815]}, "faces": { "east": {"uv": [14, 3, 14, 3], "texture": "#voxels_atlas"}, "west": {"uv": [14, 3, 14, 3], "texture": "#voxels_atlas"}, "up": {"uv": [14, 3, 14, 3], "rotation": 90, "texture": "#voxels_atlas"}, "down": {"uv": [14, 3, 14, 3], "rotation": 270, "texture": "#voxels_atlas"} } }, { "name": "Voxels", "from": [-0.55249, 12.25, 2.13935], "to": [-0.42749, 12.375, 2.71435], "rotation": {"angle": -22.5, "axis": "y", "origin": [-0.48999, 12.3125, 1.40185]}, "faces": { "east": {"uv": [14, 3, 14, 3], "texture": "#voxels_atlas"}, "west": {"uv": [14, 3, 14, 3], "texture": "#voxels_atlas"}, "up": {"uv": [14, 3, 14, 3], "rotation": 90, "texture": "#voxels_atlas"}, "down": {"uv": [14, 3, 14, 3], "rotation": 270, "texture": "#voxels_atlas"} } }, { "name": "Voxels", "from": [-0.15821, 12.25, 14.48746], "to": [4.26679, 12.375, 14.61246], "rotation": {"angle": 0, "axis": "y", "origin": [0.99179, 12.3125, 14.54996]}, "faces": { "north": {"uv": [14, 3, 14, 3], "texture": "#voxels_atlas"}, "south": {"uv": [14, 3, 14, 3], "texture": "#voxels_atlas"}, "up": {"uv": [14, 3, 14, 3], "rotation": 180, "texture": "#voxels_atlas"}, "down": {"uv": [14, 3, 14, 3], "rotation": 180, "texture": "#voxels_atlas"} } }, { "name": "Voxels", "from": [-0.15821, 12.25, 1.38754], "to": [4.26679, 12.375, 1.51254], "rotation": {"angle": 0, "axis": "y", "origin": [0.99179, 12.3125, 1.45004]}, "faces": { "north": {"uv": [14, 3, 14, 3], "texture": "#voxels_atlas"}, "south": {"uv": [14, 3, 14, 3], "texture": "#voxels_atlas"}, "up": {"uv": [14, 3, 14, 3], "rotation": 180, "texture": "#voxels_atlas"}, "down": {"uv": [14, 3, 14, 3], "rotation": 180, "texture": "#voxels_atlas"} } }, { "name": "Voxels", "from": [4.14179, 12.225, 14.46246], "to": [4.94179, 12.4, 14.63746], "rotation": {"angle": 0, "axis": "y", "origin": [2.99179, 12.3125, 14.54996]}, "faces": { "north": {"uv": [14, 3, 14, 3], "texture": "#voxels_atlas"}, "south": {"uv": [14, 3, 14, 3], "texture": "#voxels_atlas"}, "west": {"uv": [14, 3, 14, 3], "texture": "#voxels_atlas"}, "up": {"uv": [14, 3, 14, 3], "rotation": 180, "texture": "#voxels_atlas"}, "down": {"uv": [14, 3, 14, 3], "rotation": 180, "texture": "#voxels_atlas"} } }, { "name": "Voxels", "from": [4.14179, 12.225, 1.36254], "to": [4.94179, 12.4, 1.53754], "rotation": {"angle": 0, "axis": "y", "origin": [2.99179, 12.3125, 1.45004]}, "faces": { "north": {"uv": [14, 3, 14, 3], "texture": "#voxels_atlas"}, "south": {"uv": [14, 3, 14, 3], "texture": "#voxels_atlas"}, "west": {"uv": [14, 3, 14, 3], "texture": "#voxels_atlas"}, "up": {"uv": [14, 3, 14, 3], "rotation": 180, "texture": "#voxels_atlas"}, "down": {"uv": [14, 3, 14, 3], "rotation": 180, "texture": "#voxels_atlas"} } }, { "name": "Voxels", "from": [4.87786, 12.07859, 14.46246], "to": [6.17786, 12.25359, 14.63746], "rotation": {"angle": -22.5, "axis": "z", "origin": [5.27786, 12.16609, 14.54996]}, "faces": { "north": {"uv": [14, 3, 14, 3], "texture": "#voxels_atlas"}, "east": {"uv": [14, 3, 14, 3], "texture": "#voxels_atlas"}, "south": {"uv": [14, 3, 14, 3], "texture": "#voxels_atlas"}, "up": {"uv": [14, 3, 14, 3], "rotation": 180, "texture": "#voxels_atlas"}, "down": {"uv": [14, 3, 14, 3], "rotation": 180, "texture": "#voxels_atlas"} } }, { "name": "Voxels", "from": [4.87786, 12.07859, 1.36254], "to": [6.17786, 12.25359, 1.53754], "rotation": {"angle": -22.5, "axis": "z", "origin": [5.27786, 12.16609, 1.45004]}, "faces": { "north": {"uv": [14, 3, 14, 3], "texture": "#voxels_atlas"}, "east": {"uv": [14, 3, 14, 3], "texture": "#voxels_atlas"}, "south": {"uv": [14, 3, 14, 3], "texture": "#voxels_atlas"}, "up": {"uv": [14, 3, 14, 3], "rotation": 180, "texture": "#voxels_atlas"}, "down": {"uv": [14, 3, 14, 3], "rotation": 180, "texture": "#voxels_atlas"} } }, { "name": "Voxels", "from": [-1.05, 12.25, 6.46552], "to": [-0.75, 12.375, 6.59052], "rotation": {"angle": 0, "axis": "y", "origin": [7.875, 7.75, 11.21552]}, "faces": { "north": {"uv": [14, 3, 14, 3], "texture": "#voxels_atlas"}, "east": {"uv": [14, 3, 14, 3], "texture": "#voxels_atlas"}, "south": {"uv": [14, 3, 14, 3], "texture": "#voxels_atlas"}, "west": {"uv": [14, 3, 14, 3], "texture": "#voxels_atlas"}, "up": {"uv": [14, 3, 14, 3], "texture": "#voxels_atlas"}, "down": {"uv": [14, 3, 14, 3], "texture": "#voxels_atlas"} } }, { "name": "Voxels", "from": [-0.875, 12.31216, 6.47802], "to": [-0.75, 12.43716, 7.50302], "rotation": {"angle": -22.5, "axis": "x", "origin": [-0.8125, 12.37466, 6.62802]}, "faces": { "east": {"uv": [14, 3, 14, 3], "texture": "#voxels_atlas"}, "west": {"uv": [14, 3, 14, 3], "texture": "#voxels_atlas"}, "up": {"uv": [14, 3, 14, 3], "rotation": 270, "texture": "#voxels_atlas"}, "down": {"uv": [14, 3, 14, 3], "rotation": 90, "texture": "#voxels_atlas"} } }, { "name": "Voxels", "from": [-1, 9.5, 10.65948], "to": [-0.875, 13.75, 12.15948], "rotation": {"angle": 0, "axis": "y", "origin": [8, 8, 8.90948]}, "faces": { "north": {"uv": [7.5, 7.5, 7.25, 16], "texture": "#voxels_atlas"}, "east": {"uv": [3, 7.5, 0, 16], "texture": "#voxels_atlas"}, "south": {"uv": [7.5, 7.5, 7.75, 16], "texture": "#voxels_atlas"}, "west": {"uv": [3, 7.5, 6, 16], "texture": "#voxels_atlas"}, "up": {"uv": [8.75, 3.25, 9, 0.25], "texture": "#voxels_atlas"}, "down": {"uv": [8.5, 0.25, 8.75, 3.25], "texture": "#voxels_atlas"} } }, { "name": "Voxels", "from": [-1, 9.625, 10.28448], "to": [-0.875, 13.625, 10.65948], "rotation": {"angle": 0, "axis": "y", "origin": [8, 8, 8.90948]}, "faces": { "north": {"uv": [9.25, 8, 9, 16], "texture": "#voxels_atlas"}, "east": {"uv": [6.75, 0, 6, 8], "texture": "#voxels_atlas"}, "west": {"uv": [6, 8, 6.75, 16], "texture": "#voxels_atlas"}, "up": {"uv": [4.5, 0.75, 4.75, 0], "texture": "#voxels_atlas"}, "down": {"uv": [4.75, 0, 5, 0.75], "texture": "#voxels_atlas"} } }, { "name": "Voxels", "from": [-1, 9.625, 12.15948], "to": [-0.875, 13.75, 12.28448], "rotation": {"angle": 0, "axis": "y", "origin": [8, 8, 8.90948]}, "faces": { "east": {"uv": [8, 7.75, 7.75, 16], "texture": "#voxels_atlas"}, "south": {"uv": [8.25, 7.75, 8.5, 16], "texture": "#voxels_atlas"}, "west": {"uv": [8.5, 7.75, 8.75, 16], "texture": "#voxels_atlas"}, "up": {"uv": [4.25, 0.25, 4.5, 0], "texture": "#voxels_atlas"}, "down": {"uv": [4, 0, 4.25, 0.25], "texture": "#voxels_atlas"} } }, { "name": "Voxels", "from": [-1, 9.625, 12.28448], "to": [-0.875, 13.625, 12.53448], "rotation": {"angle": 0, "axis": "y", "origin": [8, 8, 8.90948]}, "faces": { "east": {"uv": [7.25, 8, 6.75, 16], "texture": "#voxels_atlas"}, "south": {"uv": [9.5, 8, 9.75, 16], "texture": "#voxels_atlas"}, "west": {"uv": [6.75, 0, 7.25, 8], "texture": "#voxels_atlas"}, "up": {"uv": [5.75, 0.75, 6, 0.25], "texture": "#voxels_atlas"}, "down": {"uv": [5, 0.25, 5.25, 0.75], "texture": "#voxels_atlas"} } }, { "name": "Voxels", "from": [-1, 9.75, 10.03448], "to": [-0.875, 13.5, 10.28448], "rotation": {"angle": 0, "axis": "y", "origin": [8, 8, 8.90948]}, "faces": { "north": {"uv": [1.25, 0, 1, 7.5], "texture": "#voxels_atlas"}, "east": {"uv": [1, 0, 0.5, 7.5], "texture": "#voxels_atlas"}, "west": {"uv": [0, 0, 0.5, 7.5], "texture": "#voxels_atlas"}, "up": {"uv": [5.25, 0.75, 5.5, 0.25], "texture": "#voxels_atlas"}, "down": {"uv": [5.5, 0.25, 5.75, 0.75], "texture": "#voxels_atlas"} } }, { "name": "Voxels", "from": [-1, 9.75, 12.53448], "to": [-0.875, 13.625, 12.65948], "rotation": {"angle": 0, "axis": "y", "origin": [8, 8, 8.90948]}, "faces": { "east": {"uv": [10.5, 8.25, 10.25, 16], "texture": "#voxels_atlas"}, "south": {"uv": [10, 8.25, 10.25, 16], "texture": "#voxels_atlas"}, "west": {"uv": [7.75, 0, 8, 7.75], "texture": "#voxels_atlas"}, "up": {"uv": [3.25, 0.25, 3.5, 0], "texture": "#voxels_atlas"}, "down": {"uv": [5, 0, 5.25, 0.25], "texture": "#voxels_atlas"} } }, { "name": "Voxels", "from": [-1, 9.75, 12.65948], "to": [-0.875, 13.5, 12.78448], "rotation": {"angle": 0, "axis": "y", "origin": [8, 8, 8.90948]}, "faces": { "east": {"uv": [2.5, 0, 2.25, 7.5], "texture": "#voxels_atlas"}, "south": {"uv": [1.75, 0, 2, 7.5], "texture": "#voxels_atlas"}, "west": {"uv": [2, 0, 2.25, 7.5], "texture": "#voxels_atlas"}, "up": {"uv": [7.25, 0.75, 7.5, 0.5], "texture": "#voxels_atlas"}, "down": {"uv": [5.25, 0, 5.5, 0.25], "texture": "#voxels_atlas"} } }, { "name": "Voxels", "from": [-1, 9.875, 9.90948], "to": [-0.875, 13.5, 10.03448], "rotation": {"angle": 0, "axis": "y", "origin": [8, 8, 8.90948]}, "faces": { "north": {"uv": [2.75, 0.25, 2.5, 7.5], "texture": "#voxels_atlas"}, "east": {"uv": [3.5, 0.25, 3.25, 7.5], "texture": "#voxels_atlas"}, "west": {"uv": [3, 0.25, 3.25, 7.5], "texture": "#voxels_atlas"}, "up": {"uv": [7.5, 0.75, 7.75, 0.5], "texture": "#voxels_atlas"}, "down": {"uv": [7.25, 0, 7.5, 0.25], "texture": "#voxels_atlas"} } }, { "name": "Voxels", "from": [-1, 9.875, 12.78448], "to": [-0.875, 13.5, 12.90948], "rotation": {"angle": 0, "axis": "y", "origin": [8, 8, 8.90948]}, "faces": { "east": {"uv": [3.75, 0.25, 3.5, 7.5], "texture": "#voxels_atlas"}, "south": {"uv": [4, 0.25, 4.25, 7.5], "texture": "#voxels_atlas"}, "west": {"uv": [4.25, 0.25, 4.5, 7.5], "texture": "#voxels_atlas"}, "up": {"uv": [9, 8, 9.25, 7.75], "texture": "#voxels_atlas"}, "down": {"uv": [8.75, 7.75, 9, 8], "texture": "#voxels_atlas"} } }, { "name": "Voxels", "from": [-1, 10, 9.78448], "to": [-0.875, 13.375, 9.90948], "rotation": {"angle": 0, "axis": "y", "origin": [8, 8, 8.90948]}, "faces": { "north": {"uv": [5.75, 0.75, 5.5, 7.5], "texture": "#voxels_atlas"}, "east": {"uv": [7.75, 0.75, 7.5, 7.5], "texture": "#voxels_atlas"}, "west": {"uv": [7.25, 0.75, 7.5, 7.5], "texture": "#voxels_atlas"}, "up": {"uv": [9.5, 8, 9.75, 7.75], "texture": "#voxels_atlas"}, "down": {"uv": [9.25, 7.75, 9.5, 8], "texture": "#voxels_atlas"} } }, { "name": "Voxels", "from": [-1, 10, 12.90948], "to": [-0.875, 13.375, 13.03448], "rotation": {"angle": 0, "axis": "y", "origin": [8, 8, 8.90948]}, "faces": { "east": {"uv": [4.75, 0.75, 4.5, 7.5], "texture": "#voxels_atlas"}, "south": {"uv": [5.25, 0.75, 5.5, 7.5], "texture": "#voxels_atlas"}, "west": {"uv": [4.75, 0.75, 5, 7.5], "texture": "#voxels_atlas"}, "up": {"uv": [10, 8, 10.25, 7.75], "texture": "#voxels_atlas"}, "down": {"uv": [10, 8, 10.25, 8.25], "texture": "#voxels_atlas"} } }, { "name": "Voxels", "from": [-1, 10.125, 9.65948], "to": [-0.875, 13.25, 9.78448], "rotation": {"angle": 0, "axis": "y", "origin": [8, 8, 8.90948]}, "faces": { "north": {"uv": [10.75, 9.75, 10.5, 16], "texture": "#voxels_atlas"}, "east": {"uv": [11.5, 9.75, 11.25, 16], "texture": "#voxels_atlas"}, "west": {"uv": [11, 9.75, 11.25, 16], "texture": "#voxels_atlas"}, "up": {"uv": [10.25, 8, 10.5, 7.75], "texture": "#voxels_atlas"}, "down": {"uv": [10.25, 8, 10.5, 8.25], "texture": "#voxels_atlas"} } }, { "name": "Voxels", "from": [-1, 10.125, 13.03448], "to": [-0.875, 13.25, 13.15948], "rotation": {"angle": 0, "axis": "y", "origin": [8, 8, 8.90948]}, "faces": { "east": {"uv": [12.5, 9.75, 12.25, 16], "texture": "#voxels_atlas"}, "south": {"uv": [11.75, 9.75, 12, 16], "texture": "#voxels_atlas"}, "west": {"uv": [12, 9.75, 12.25, 16], "texture": "#voxels_atlas"}, "up": {"uv": [10.5, 9, 10.75, 8.75], "texture": "#voxels_atlas"}, "down": {"uv": [10.5, 9, 10.75, 9.25], "texture": "#voxels_atlas"} } }, { "name": "Voxels", "from": [-1, 10.25, 9.53448], "to": [-0.875, 13.125, 9.65948], "rotation": {"angle": 0, "axis": "y", "origin": [8, 8, 8.90948]}, "faces": { "north": {"uv": [13.75, 10.25, 13.5, 16], "texture": "#voxels_atlas"}, "east": {"uv": [14.5, 10.25, 14.25, 16], "texture": "#voxels_atlas"}, "west": {"uv": [14, 10.25, 14.25, 16], "texture": "#voxels_atlas"}, "up": {"uv": [10.5, 8.5, 10.75, 8.25], "texture": "#voxels_atlas"}, "down": {"uv": [10.5, 8.5, 10.75, 8.75], "texture": "#voxels_atlas"} } }, { "name": "Voxels", "from": [-1, 10.25, 13.15948], "to": [-0.875, 13.125, 13.28448], "rotation": {"angle": 0, "axis": "y", "origin": [8, 8, 8.90948]}, "faces": { "east": {"uv": [13.5, 10.25, 13.25, 16], "texture": "#voxels_atlas"}, "south": {"uv": [12.75, 10.25, 13, 16], "texture": "#voxels_atlas"}, "west": {"uv": [13, 10.25, 13.25, 16], "texture": "#voxels_atlas"}, "up": {"uv": [7.25, 0.5, 7.5, 0.25], "texture": "#voxels_atlas"}, "down": {"uv": [2.5, 0, 2.75, 0.25], "texture": "#voxels_atlas"} } }, { "name": "Voxels", "from": [-1, 10.375, 9.40948], "to": [-0.875, 13, 9.53448], "rotation": {"angle": 0, "axis": "y", "origin": [8, 8, 8.90948]}, "faces": { "north": {"uv": [14.75, 10.75, 14.5, 16], "texture": "#voxels_atlas"}, "east": {"uv": [15, 10.75, 14.75, 16], "texture": "#voxels_atlas"}, "west": {"uv": [8.25, 2.5, 8.5, 7.75], "texture": "#voxels_atlas"}, "up": {"uv": [3, 0.25, 3.25, 0], "texture": "#voxels_atlas"}, "down": {"uv": [2.75, 0, 3, 0.25], "texture": "#voxels_atlas"} } }, { "name": "Voxels", "from": [-1, 10.375, 13.28448], "to": [-0.875, 13, 13.40948], "rotation": {"angle": 0, "axis": "y", "origin": [8, 8, 8.90948]}, "faces": { "east": {"uv": [15.25, 10.75, 15, 16], "texture": "#voxels_atlas"}, "south": {"uv": [15.5, 10.75, 15.75, 16], "texture": "#voxels_atlas"}, "west": {"uv": [15.25, 10.75, 15.5, 16], "texture": "#voxels_atlas"}, "up": {"uv": [3.75, 0.25, 4, 0], "texture": "#voxels_atlas"}, "down": {"uv": [3.5, 0, 3.75, 0.25], "texture": "#voxels_atlas"} } }, { "name": "Voxels", "from": [-1, 10.625, 9.28448], "to": [-0.875, 12.875, 9.40948], "rotation": {"angle": 0, "axis": "y", "origin": [8, 8, 8.90948]}, "faces": { "north": {"uv": [9.25, 3.25, 9, 7.75], "texture": "#voxels_atlas"}, "east": {"uv": [8.75, 3.25, 8.5, 7.75], "texture": "#voxels_atlas"}, "west": {"uv": [8.75, 3.25, 9, 7.75], "texture": "#voxels_atlas"}, "up": {"uv": [5.75, 0.25, 6, 0], "texture": "#voxels_atlas"}, "down": {"uv": [5.5, 0, 5.75, 0.25], "texture": "#voxels_atlas"} } }, { "name": "Voxels", "from": [-1, 10.625, 13.40948], "to": [-0.875, 12.875, 13.53448], "rotation": {"angle": 0, "axis": "y", "origin": [8, 8, 8.90948]}, "faces": { "east": {"uv": [10.5, 3.25, 10.25, 7.75], "texture": "#voxels_atlas"}, "south": {"uv": [9.75, 3.25, 10, 7.75], "texture": "#voxels_atlas"}, "west": {"uv": [10, 3.25, 10.25, 7.75], "texture": "#voxels_atlas"}, "up": {"uv": [7.5, 0.25, 7.75, 0], "texture": "#voxels_atlas"}, "down": {"uv": [7.5, 0.25, 7.75, 0.5], "texture": "#voxels_atlas"} } }, { "name": "Voxels", "from": [-1, 10.875, 9.15948], "to": [-0.875, 12.625, 9.28448], "rotation": {"angle": 0, "axis": "y", "origin": [8, 8, 8.90948]}, "faces": { "north": {"uv": [10.75, 0.75, 10.5, 4.25], "texture": "#voxels_atlas"}, "east": {"uv": [11.25, 4.25, 11, 7.75], "texture": "#voxels_atlas"}, "west": {"uv": [10.75, 0.75, 11, 4.25], "texture": "#voxels_atlas"}, "up": {"uv": [9.75, 8, 10, 7.75], "texture": "#voxels_atlas"}, "down": {"uv": [9.75, 8, 10, 8.25], "texture": "#voxels_atlas"} } }, { "name": "Voxels", "from": [-1, 10.875, 13.53448], "to": [-0.875, 12.625, 13.65948], "rotation": {"angle": 0, "axis": "y", "origin": [8, 8, 8.90948]}, "faces": { "east": {"uv": [10.75, 4.25, 10.5, 7.75], "texture": "#voxels_atlas"}, "south": {"uv": [11.25, 4.25, 11.5, 7.75], "texture": "#voxels_atlas"}, "west": {"uv": [11.25, 0.75, 11.5, 4.25], "texture": "#voxels_atlas"}, "up": {"uv": [10.5, 9.5, 10.75, 9.25], "texture": "#voxels_atlas"}, "down": {"uv": [10.5, 9.5, 10.75, 9.75], "texture": "#voxels_atlas"} } }, { "name": "Voxels", "from": [-1.05, 12.25, 9.40948], "to": [-0.75, 12.375, 9.53448], "rotation": {"angle": 0, "axis": "y", "origin": [7.875, 7.75, 4.78448]}, "faces": { "north": {"uv": [14, 3, 14, 3], "texture": "#voxels_atlas"}, "east": {"uv": [14, 3, 14, 3], "texture": "#voxels_atlas"}, "south": {"uv": [14, 3, 14, 3], "texture": "#voxels_atlas"}, "west": {"uv": [14, 3, 14, 3], "texture": "#voxels_atlas"}, "up": {"uv": [14, 3, 14, 3], "texture": "#voxels_atlas"}, "down": {"uv": [14, 3, 14, 3], "texture": "#voxels_atlas"} } }, { "name": "Voxels", "from": [-0.875, 12.31216, 8.49698], "to": [-0.75, 12.43716, 9.52198], "rotation": {"angle": 22.5, "axis": "x", "origin": [-0.8125, 12.37466, 9.37198]}, "faces": { "east": {"uv": [14, 3, 14, 3], "texture": "#voxels_atlas"}, "west": {"uv": [14, 3, 14, 3], "texture": "#voxels_atlas"}, "up": {"uv": [14, 3, 14, 3], "rotation": 270, "texture": "#voxels_atlas"}, "down": {"uv": [14, 3, 14, 3], "rotation": 90, "texture": "#voxels_atlas"} } }, { "name": "Voxels", "from": [-1, 13.5, 10.15948], "to": [-0.875, 13.625, 10.28448], "rotation": {"angle": 0, "axis": "y", "origin": [8, 8, 8.90948]}, "faces": { "north": {"uv": [11, 9.5, 10.75, 9.75], "texture": "#voxels_atlas"}, "east": {"uv": [11, 8.75, 10.75, 9], "texture": "#voxels_atlas"}, "west": {"uv": [10.75, 9, 11, 9.25], "texture": "#voxels_atlas"}, "up": {"uv": [10.5, 8, 10.75, 7.75], "texture": "#voxels_atlas"} } }, { "name": "Voxels", "from": [-1, 13.625, 10.53448], "to": [-0.875, 13.75, 10.65948], "rotation": {"angle": 0, "axis": "y", "origin": [8, 8, 8.90948]}, "faces": { "north": {"uv": [11, 8, 10.75, 8.25], "texture": "#voxels_atlas"}, "east": {"uv": [11.25, 9.25, 11, 9.5], "texture": "#voxels_atlas"}, "west": {"uv": [11, 9.5, 11.25, 9.75], "texture": "#voxels_atlas"}, "up": {"uv": [10.75, 8.5, 11, 8.25], "texture": "#voxels_atlas"} } } ], "display": { "thirdperson_righthand": { "rotation": [90, -90, 0], "translation": [0, -4.25, -1], "scale": [0.49805, 0.49805, 0.49805] }, "thirdperson_lefthand": { "rotation": [90, 90, 0], "translation": [0, -4.25, -1], "scale": [0.49805, 0.49805, 0.49805] }, "firstperson_righthand": { "rotation": [0, 67, 0], "translation": [1, 0.75, -3], "scale": [0.58984, 0.58984, -0.58984] }, "firstperson_lefthand": { "rotation": [0, 67, 0], "translation": [1, 0.75, -3], "scale": [-0.58984, 0.58984, 0.58984] }, "ground": { "rotation": [41, 0, -30], "translation": [0.5, 0, -0.5], "scale": [0.30469, 0.30469, 0.30469] }, "gui": { "rotation": [13, 74, -1], "translation": [1.25, -2.5, 0] }, "head": { "rotation": [6, -90, 0], "translation": [0, -2.25, 1], "scale": [0.99023, 0.99023, 0.99023] }, "fixed": { "rotation": [-70, -90, 0], "translation": [0, 4.75, 6.5], "scale": [1.2168, 1.2168, 1.2168] } }, "groups": [ 0, { "name": "group", "origin": [-0.8125, 12.37466, 6.87802], "color": 0, "children": [1, 2, 3, 4, 5, 6, 7, 8, 9, 10, 11, 12, 13, 14, 15, 16, 17, 18, 19, 20, 21, 22, 23, 24, 25, 26, 27, 28, 29, 30, 31, 32, 33, 34, 35, 36, 37] }, { "name": "group", "origin": [8, 8, 8.65948], "color": 0, "children": [38, 39, 40, 41, 42, 43, 44, 45, 46, 47, 48, 49, 50, 51, 52, 53, 54, 55, 56, 57, 58, 59, 60, 61, 62] } ] }