{ "credit": "Made with Blockbench", "textures": { "0": "ttp/i/c/a/blackberet" }, "elements": [ { "from": [4, 10, 4], "to": [12, 12, 12], "rotation": {"angle": 0, "axis": "y", "origin": [9.23003, 11.02511, 8.38425]}, "faces": { "north": {"uv": [1, 4, 2, 5], "texture": "#0"}, "east": {"uv": [1, 4, 2, 5], "texture": "#0"}, "west": {"uv": [1, 4, 2, 5], "texture": "#0"}, "down": {"uv": [1, 4, 2, 5], "texture": "#0"} } }, { "from": [3.9, 11, 3.9], "to": [11.9, 13, 12.1], "rotation": {"angle": 0, "axis": "y", "origin": [9.23003, 11.02511, 8.38425]}, "faces": { "north": {"uv": [1, 1, 2, 2], "texture": "#0"}, "south": {"uv": [1, 1, 2, 2], "texture": "#0"}, "west": {"uv": [1, 1, 2, 2], "texture": "#0"}, "up": {"uv": [1, 1, 2, 2], "texture": "#0"}, "down": {"uv": [1, 1, 2, 2], "texture": "#0"} } }, { "from": [4.15, 11.1, 4.15], "to": [11.95, 13.1, 11.85], "rotation": {"angle": 0, "axis": "y", "origin": [9.23003, 11.12511, 8.38425]}, "faces": { "north": {"uv": [1, 1, 2, 2], "texture": "#0"}, "south": {"uv": [1, 1, 2, 2], "texture": "#0"}, "west": {"uv": [1, 1, 2, 2], "texture": "#0"}, "up": {"uv": [1, 1, 2, 2], "texture": "#0"} } }, { "from": [10.80755, 9.30629, 4.15], "to": [12.05755, 11.30629, 11.85], "rotation": {"angle": -22.5, "axis": "z", "origin": [15.88758, 9.3314, 8.38425]}, "faces": { "north": {"uv": [1, 1, 2, 2], "texture": "#0"}, "east": {"uv": [1, 1, 2, 2], "texture": "#0"}, "south": {"uv": [1, 1, 2, 2], "texture": "#0"}, "up": {"uv": [1, 1, 2, 2], "texture": "#0"} } }, { "from": [10.941, 11.37143, 3.9], "to": [12.441, 13.87143, 12.1], "rotation": {"angle": -22.5, "axis": "z", "origin": [9.23003, 11.02511, 8.38425]}, "faces": { "north": {"uv": [1, 1, 2, 2], "texture": "#0"}, "east": {"uv": [1, 1, 2, 2], "texture": "#0"}, "south": {"uv": [1, 1, 2, 2], "texture": "#0"}, "up": {"uv": [1, 1, 2, 2], "texture": "#0"} } }, { "from": [9.941, 11.37143, 3.9], "to": [12.441, 12.37143, 12.1], "rotation": {"angle": -22.5, "axis": "z", "origin": [9.23003, 11.02511, 8.38425]}, "faces": { "north": {"uv": [1, 1, 2, 2], "texture": "#0"}, "south": {"uv": [1, 1, 2, 2], "texture": "#0"}, "down": {"uv": [1, 1, 2, 2], "texture": "#0"} } }, { "from": [4, 9, 9], "to": [12, 12, 12], "rotation": {"angle": 0, "axis": "y", "origin": [9.23003, 11.02511, 8.38425]}, "faces": { "east": {"uv": [1, 4, 2, 5], "texture": "#0"}, "south": {"uv": [1, 4, 2, 5], "texture": "#0"}, "west": {"uv": [1, 4, 2, 5], "texture": "#0"}, "down": {"uv": [1, 4, 2, 5], "texture": "#0"} } }, { "from": [4, 9.38979, 6.72811], "to": [12, 10.38979, 9.72811], "rotation": {"angle": 22.5, "axis": "x", "origin": [9.23003, 11.02511, 8.38425]}, "faces": { "east": {"uv": [1, 4, 2, 5], "texture": "#0"}, "west": {"uv": [1, 4, 2, 5], "texture": "#0"}, "down": {"uv": [1, 4, 2, 5], "texture": "#0"} } } ], "display": { "thirdperson_righthand": { "rotation": [43, 25, 0], "translation": [0, 0, -2], "scale": [0.53, 0.53, 0.53] }, "thirdperson_lefthand": { "rotation": [43, 25, 0], "translation": [0, 0, -2], "scale": [0.53, 0.53, 0.53] }, "firstperson_righthand": { "rotation": [14, 36, 0] }, "firstperson_lefthand": { "rotation": [14, 36, 0] }, "ground": { "rotation": [21, 0, 25], "translation": [0, -2.5, 0], "scale": [0.55, 0.55, 0.55] }, "gui": { "rotation": [24, 155, 0], "translation": [0.75, -4, 0], "scale": [1.46, 1.46, 1.46] }, "head": { "scale": [1.7, 1.7, 1.7] }, "fixed": { "rotation": [-111, 0, 0], "translation": [0, 0, 4.5], "scale": [1.88, 1.88, 1.88] } }, "groups": [ { "name": "group", "origin": [12, 11.77164, 10.14805], "color": 0, "children": [0, 1, 2, 3, 4, 5, 6, 7] } ] }