{ "credit": "Made with Blockbench", "textures": { "1": "ttp/i/c/a/bikehelmet" }, "elements": [ { "from": [2.66394, 9.85274, 13.32832], "to": [13.41394, 14.60274, 14.10332], "rotation": {"angle": 0, "axis": "y", "origin": [7.16394, 8.10274, 8.57832]}, "faces": { "south": {"uv": [1, 8.5, 14.5, 10.5], "texture": "#1"}, "west": {"uv": [1, 8.5, 14.5, 10.5], "texture": "#1"}, "up": {"uv": [1, 8.5, 14.5, 10.5], "texture": "#1"}, "down": {"uv": [1, 8.5, 14.5, 10.5], "texture": "#1"} } }, { "from": [2.40587, 2.35308, 1.66105], "to": [13.65587, 14.60308, 3.41105], "rotation": {"angle": 0, "axis": "y", "origin": [7.40587, 8.10308, -3.33895]}, "faces": { "north": {"uv": [1, 8.5, 14.5, 10.5], "texture": "#1"}, "east": {"uv": [1, 8.5, 14.5, 10.5], "texture": "#1"}, "south": {"uv": [1, 8.5, 14.5, 10.5], "texture": "#1"}, "west": {"uv": [1, 8.5, 14.5, 10.5], "texture": "#1"}, "down": {"uv": [1, 8.5, 14.5, 10.5], "texture": "#1"} } }, { "from": [2.30587, 2.42808, 13.16105], "to": [13.65587, 5.67808, 13.41105], "rotation": {"angle": 0, "axis": "y", "origin": [7.40587, 8.10308, -3.33895]}, "faces": { "north": {"uv": [1, 8.5, 14.5, 10.5], "texture": "#1"}, "south": {"uv": [1, 8.5, 14.5, 10.5], "texture": "#1"}, "up": {"uv": [1, 8.5, 14.5, 10.5], "texture": "#1"}, "down": {"uv": [1, 8.5, 14.5, 10.5], "texture": "#1"} } }, { "from": [2.30587, -2.29914, 13.58418], "to": [13.65587, -1.29914, 13.83418], "rotation": {"angle": -22.5, "axis": "x", "origin": [7.40587, 1.12586, -3.91582]}, "faces": { "north": {"uv": [1, 8.5, 14.5, 10.5], "texture": "#1"}, "east": {"uv": [1, 8.5, 14.5, 10.5], "texture": "#1"}, "south": {"uv": [1, 8.5, 14.5, 10.5], "texture": "#1"}, "west": {"uv": [1, 8.5, 14.5, 10.5], "texture": "#1"} } }, { "from": [2.30587, 2.76193, 12.35417], "to": [13.65587, 3.76193, 12.60417], "rotation": {"angle": 22.5, "axis": "x", "origin": [7.40587, 0.7679, 13.17952]}, "faces": { "north": {"uv": [1, 8.5, 14.5, 10.5], "texture": "#1"}, "east": {"uv": [1, 8.5, 14.5, 10.5], "texture": "#1"}, "south": {"uv": [1, 8.5, 14.5, 10.5], "texture": "#1"}, "west": {"uv": [1, 8.5, 14.5, 10.5], "texture": "#1"} } }, { "from": [2.30587, 3.7542, 13.54373], "to": [13.65587, 4.7542, 13.79373], "rotation": {"angle": 0, "axis": "x", "origin": [7.40587, 7.1792, -4.95627]}, "faces": { "north": {"uv": [1, 8.5, 14.5, 10.5], "texture": "#1"}, "east": {"uv": [1, 8.5, 14.5, 10.5], "texture": "#1"}, "south": {"uv": [1, 8.5, 14.5, 10.5], "texture": "#1"}, "west": {"uv": [1, 8.5, 14.5, 10.5], "texture": "#1"} } }, { "from": [2.40587, 14.60307, 2.16105], "to": [13.65587, 15.10307, 13.46105], "rotation": {"angle": 0, "axis": "y", "origin": [8.65587, 9.60307, 8.46105]}, "faces": { "west": {"uv": [1, 8.5, 14.5, 10.5], "texture": "#1"}, "up": {"uv": [1, 8.5, 14.5, 10.5], "texture": "#1"}, "down": {"uv": [1, 8.5, 14.5, 10.5], "texture": "#1"} } }, { "from": [1.95787, 9.85274, 2.15939], "to": [14.05787, 14.60274, 13.45939], "rotation": {"angle": 0, "axis": "y", "origin": [8.65787, 9.60274, 8.45939]}, "faces": { "north": {"uv": [1, 8.5, 14.5, 10.5], "texture": "#1"}, "east": {"uv": [1, 8.5, 14.5, 10.5], "texture": "#1"}, "south": {"uv": [1, 8.5, 14.5, 10.5], "texture": "#1"}, "west": {"uv": [1, 8.5, 14.5, 10.5], "texture": "#1"}, "up": {"uv": [1, 8.5, 14.5, 10.5], "texture": "#1"}, "down": {"uv": [1, 8.5, 14.5, 10.5], "texture": "#1"} } }, { "from": [13.56038, 11.35274, 13.83188], "to": [14.47104, 14.60274, 14.45688], "rotation": {"angle": 45, "axis": "y", "origin": [13.06038, 8.60274, 14.45688]}, "faces": { "south": {"uv": [1, 8.5, 14.5, 10.5], "texture": "#1"}, "up": {"uv": [1, 8.5, 14.5, 10.5], "texture": "#1"}, "down": {"uv": [1, 8.5, 14.5, 10.5], "texture": "#1"} } }, { "from": [2.2743, 11.59995, 13.31573], "to": [2.8993, 14.59995, 14.37639], "rotation": {"angle": 45, "axis": "y", "origin": [2.2743, 8.59995, 13.81573]}, "faces": { "north": {"uv": [1, 8.5, 14.5, 10.5], "texture": "#1"}, "south": {"uv": [1, 8.5, 14.5, 10.5], "texture": "#1"}, "west": {"uv": [1, 8.5, 14.5, 10.5], "texture": "#1"}, "up": {"uv": [1, 8.5, 14.5, 10.5], "texture": "#1"}, "down": {"uv": [1, 8.5, 14.5, 10.5], "texture": "#1"} } }, { "from": [1.92075, 14.59995, 2.16218], "to": [2.42075, 15.30705, 13.46218], "rotation": {"angle": -45, "axis": "z", "origin": [1.92075, 14.59995, 12.96218]}, "faces": { "north": {"uv": [1, 8.5, 14.5, 10.5], "texture": "#1"}, "east": {"uv": [1, 8.5, 14.5, 10.5], "texture": "#1"}, "south": {"uv": [1, 8.5, 14.5, 10.5], "texture": "#1"}, "west": {"uv": [1, 8.5, 14.5, 10.5], "texture": "#1"}, "up": {"uv": [1, 8.5, 14.5, 10.5], "texture": "#1"}, "down": {"uv": [1, 8.5, 14.5, 10.5], "texture": "#1"} } }, { "from": [13.65587, 14.60307, 2.16105], "to": [14.36297, 15.10307, 13.46105], "rotation": {"angle": -45, "axis": "z", "origin": [13.65587, 15.10307, 12.96105]}, "faces": { "north": {"uv": [1, 8.5, 14.5, 10.5], "texture": "#1"}, "east": {"uv": [1, 8.5, 14.5, 10.5], "texture": "#1"}, "south": {"uv": [1, 8.5, 14.5, 10.5], "texture": "#1"}, "up": {"uv": [1, 8.5, 14.5, 10.5], "texture": "#1"}, "down": {"uv": [1, 8.5, 14.5, 10.5], "texture": "#1"} } }, { "from": [2.40587, 14.60307, 13.46105], "to": [13.65587, 15.10307, 14.16815], "rotation": {"angle": 45, "axis": "x", "origin": [3.65587, 15.10307, 13.46105]}, "faces": { "east": {"uv": [1, 8.5, 14.5, 10.5], "rotation": 270, "texture": "#1"}, "south": {"uv": [1, 8.5, 14.5, 10.5], "rotation": 270, "texture": "#1"}, "west": {"uv": [1, 8.5, 14.5, 10.5], "rotation": 270, "texture": "#1"}, "up": {"uv": [1, 8.5, 14.5, 10.5], "rotation": 270, "texture": "#1"}, "down": {"uv": [1, 8.5, 14.5, 10.5], "rotation": 270, "texture": "#1"} } }, { "from": [2.40587, 14.4263, 1.73428], "to": [13.65587, 14.9263, 2.44138], "rotation": {"angle": -45, "axis": "x", "origin": [8.03087, 14.6763, 2.08783]}, "faces": { "east": {"uv": [1, 8.5, 14.5, 10.5], "rotation": 270, "texture": "#1"}, "west": {"uv": [1, 8.5, 14.5, 10.5], "rotation": 270, "texture": "#1"}, "up": {"uv": [1, 8.5, 14.5, 10.5], "rotation": 270, "texture": "#1"} } }, { "from": [2.025, 4.77391, 2.23109], "to": [2.42, 9.85391, 12.66109], "rotation": {"angle": 0, "axis": "y", "origin": [7.05096, 6.6349, 13.39422]}, "faces": { "north": {"uv": [2, 9, 14, 11], "texture": "#1"}, "east": {"uv": [2, 9, 14, 11], "texture": "#1"}, "south": {"uv": [2, 9, 14, 11], "texture": "#1"}, "west": {"uv": [2, 9, 14, 11], "texture": "#1"} } }, { "from": [2.025, 2.42391, 2.13109], "to": [3.42, 5.10391, 13.31109], "rotation": {"angle": 0, "axis": "y", "origin": [7.05096, 3.1349, 12.89422]}, "faces": { "north": {"uv": [2, 9, 14, 11], "texture": "#1"}, "east": {"uv": [2, 9, 14, 11], "texture": "#1"}, "south": {"uv": [2, 9, 14, 11], "texture": "#1"}, "west": {"uv": [2, 9, 14, 11], "texture": "#1"}, "up": {"uv": [2, 9, 14, 11], "texture": "#1"}, "down": {"uv": [2, 9, 14, 11], "texture": "#1"} } }, { "from": [12.675, 2.42391, 2.13109], "to": [14.07, 5.10391, 13.31109], "rotation": {"angle": 0, "axis": "y", "origin": [7.05096, 3.1349, 12.89422]}, "faces": { "north": {"uv": [2, 9, 14, 11], "texture": "#1"}, "east": {"uv": [2, 9, 14, 11], "texture": "#1"}, "south": {"uv": [2, 9, 14, 11], "texture": "#1"}, "west": {"uv": [2, 9, 14, 11], "texture": "#1"}, "up": {"uv": [2, 9, 14, 11], "texture": "#1"}, "down": {"uv": [2, 9, 14, 11], "texture": "#1"} } }, { "from": [13.66, 4.775, 2.13], "to": [14.055, 9.855, 8.06], "rotation": {"angle": 0, "axis": "y", "origin": [9.05096, 6.63599, 13.39313]}, "faces": { "north": {"uv": [2, 9, 14, 11], "texture": "#1"}, "east": {"uv": [2, 9, 14, 11], "texture": "#1"}, "south": {"uv": [2, 9, 14, 11], "texture": "#1"}, "west": {"uv": [2, 9, 14, 11], "texture": "#1"}, "up": {"uv": [2, 9, 14, 11], "texture": "#1"}, "down": {"uv": [2, 9, 14, 11], "texture": "#1"} } }, { "from": [13.66, 4.775, 8.06], "to": [14.055, 6.755, 12.66], "rotation": {"angle": 0, "axis": "y", "origin": [9.05096, 6.63599, 13.39313]}, "faces": { "east": {"uv": [2, 9, 14, 11], "texture": "#1"}, "west": {"uv": [2, 9, 14, 11], "texture": "#1"}, "up": {"uv": [2, 9, 14, 11], "texture": "#1"} } }, { "from": [1.75, 10.13065, 6.4], "to": [14.27, 10.36935, 7.6], "rotation": {"angle": 45, "axis": "x", "origin": [1.91, 10.25, 7]}, "faces": { "north": {"uv": [3, 13, 5, 15], "rotation": 270, "texture": "#1"}, "east": {"uv": [3, 13, 5, 15], "rotation": 270, "texture": "#1"}, "south": {"uv": [3, 13, 5, 15], "rotation": 270, "texture": "#1"}, "west": {"uv": [3, 13, 5, 15], "rotation": 270, "texture": "#1"} } }, { "from": [1.75, 10.13065, 6.4], "to": [14.27, 10.36935, 7.6], "rotation": {"angle": 22.5, "axis": "x", "origin": [1.91, 10.25, 7]}, "faces": { "north": {"uv": [3, 13, 5, 15], "rotation": 270, "texture": "#1"}, "east": {"uv": [3, 13, 5, 15], "rotation": 270, "texture": "#1"}, "south": {"uv": [3, 13, 5, 15], "rotation": 270, "texture": "#1"}, "west": {"uv": [3, 13, 5, 15], "rotation": 270, "texture": "#1"} } }, { "from": [1.75, 10.13065, 6.4], "to": [14.27, 10.36935, 7.6], "rotation": {"angle": 0, "axis": "y", "origin": [1.91, 10.25, 7]}, "faces": { "north": {"uv": [3, 13, 5, 15], "rotation": 270, "texture": "#1"}, "east": {"uv": [3, 13, 5, 15], "rotation": 270, "texture": "#1"}, "south": {"uv": [3, 13, 5, 15], "rotation": 270, "texture": "#1"}, "west": {"uv": [3, 13, 5, 15], "rotation": 270, "texture": "#1"} } }, { "from": [1.75, 10.13065, 6.4], "to": [14.27, 10.36935, 7.6], "rotation": {"angle": -22.5, "axis": "x", "origin": [1.91, 10.25, 7]}, "faces": { "north": {"uv": [3, 13, 5, 15], "rotation": 270, "texture": "#1"}, "east": {"uv": [3, 13, 5, 15], "rotation": 270, "texture": "#1"}, "south": {"uv": [3, 13, 5, 15], "rotation": 270, "texture": "#1"}, "west": {"uv": [3, 13, 5, 15], "rotation": 270, "texture": "#1"} } }, { "from": [1.75, 10.13065, 6.4], "to": [14.27, 10.36935, 7.6], "rotation": {"angle": -45, "axis": "x", "origin": [1.91, 10.25, 7]}, "faces": { "north": {"uv": [3, 13, 5, 15], "rotation": 270, "texture": "#1"}, "east": {"uv": [3, 13, 5, 15], "rotation": 270, "texture": "#1"}, "south": {"uv": [3, 13, 5, 15], "rotation": 270, "texture": "#1"}, "west": {"uv": [3, 13, 5, 15], "rotation": 270, "texture": "#1"} } }, { "from": [1.75, 9.65, 6.88065], "to": [14.27, 10.85, 7.11935], "rotation": {"angle": 22.5, "axis": "x", "origin": [1.91, 10.25, 7]}, "faces": { "east": {"uv": [3, 13, 5, 15], "rotation": 270, "texture": "#1"}, "west": {"uv": [3, 13, 5, 15], "rotation": 270, "texture": "#1"}, "up": {"uv": [3, 13, 5, 15], "rotation": 270, "texture": "#1"}, "down": {"uv": [3, 13, 5, 15], "rotation": 270, "texture": "#1"} } }, { "from": [1.75, 9.65, 6.88065], "to": [14.27, 10.85, 7.11935], "rotation": {"angle": 0, "axis": "y", "origin": [1.91, 10.25, 7]}, "faces": { "east": {"uv": [3, 13, 5, 15], "rotation": 270, "texture": "#1"}, "west": {"uv": [3, 13, 5, 15], "rotation": 270, "texture": "#1"}, "up": {"uv": [3, 13, 5, 15], "rotation": 270, "texture": "#1"}, "down": {"uv": [3, 13, 5, 15], "rotation": 270, "texture": "#1"} } }, { "from": [1.75, 9.65, 6.88065], "to": [14.27, 10.85, 7.11935], "rotation": {"angle": -22.5, "axis": "x", "origin": [1.91, 10.25, 7]}, "faces": { "east": {"uv": [3, 13, 5, 15], "rotation": 270, "texture": "#1"}, "west": {"uv": [3, 13, 5, 15], "rotation": 270, "texture": "#1"}, "up": {"uv": [3, 13, 5, 15], "rotation": 270, "texture": "#1"}, "down": {"uv": [3, 13, 5, 15], "rotation": 270, "texture": "#1"} } }, { "from": [1.52255, 9.85726, 2.92459], "to": [2.36255, 13.21726, 3.76459], "rotation": {"angle": -22.5, "axis": "x", "origin": [8.24255, 16.57726, 9.64459]}, "faces": { "north": {"uv": [1, 4.5, 14.5, 6.5], "texture": "#1"}, "east": {"uv": [1, 4.5, 14.5, 6.5], "texture": "#1"}, "south": {"uv": [1, 4.5, 14.5, 6.5], "texture": "#1"}, "west": {"uv": [1, 4.5, 14.5, 6.5], "texture": "#1"} } }, { "from": [13.54843, 9.85726, 2.92459], "to": [14.38843, 13.21726, 3.76459], "rotation": {"angle": -22.5, "axis": "x", "origin": [7.66843, 16.57726, 9.64459]}, "faces": { "north": {"uv": [1, 4.5, 14.5, 6.5], "texture": "#1"}, "east": {"uv": [1, 4.5, 14.5, 6.5], "texture": "#1"}, "south": {"uv": [1, 4.5, 14.5, 6.5], "texture": "#1"}, "west": {"uv": [1, 4.5, 14.5, 6.5], "texture": "#1"} } }, { "from": [1.52255, 2.32013, 12.47374], "to": [2.36255, 4.88013, 13.56374], "rotation": {"angle": 0, "axis": "x", "origin": [8.24255, 22.48013, 19.19374]}, "faces": { "north": {"uv": [1, 0.5, 3, 2.5], "texture": "#1"}, "east": {"uv": [1, 0.5, 3, 2.5], "texture": "#1"}, "south": {"uv": [1, 0.5, 3, 2.5], "texture": "#1"}, "west": {"uv": [1, 0.5, 3, 2.5], "texture": "#1"}, "up": {"uv": [1, 0.5, 3, 2.5], "texture": "#1"}, "down": {"uv": [1, 0.5, 3, 2.5], "texture": "#1"} } }, { "from": [13.54843, 2.32013, 12.47374], "to": [14.38843, 4.88013, 13.56374], "rotation": {"angle": 0, "axis": "x", "origin": [7.66843, 22.48013, 19.19374]}, "faces": { "north": {"uv": [1, 0.5, 3, 2.5], "texture": "#1"}, "east": {"uv": [1, 0.5, 3, 2.5], "texture": "#1"}, "south": {"uv": [1, 0.5, 3, 2.5], "texture": "#1"}, "west": {"uv": [1, 0.5, 3, 2.5], "texture": "#1"}, "up": {"uv": [1, 0.5, 3, 2.5], "texture": "#1"}, "down": {"uv": [1, 0.5, 3, 2.5], "texture": "#1"} } }, { "from": [1.52255, 10.90139, 4.72194], "to": [2.36255, 11.74139, 13.96194], "rotation": {"angle": 0, "axis": "x", "origin": [8.24255, 31.06139, 10.60194]}, "faces": { "north": {"uv": [1, 4.5, 14.5, 6.5], "texture": "#1"}, "west": {"uv": [1, 4.5, 14.5, 6.5], "texture": "#1"}, "up": {"uv": [1, 4.5, 14.5, 6.5], "texture": "#1"}, "down": {"uv": [1, 4.5, 14.5, 6.5], "texture": "#1"} } }, { "from": [1.82255, 9.85139, 5.47194], "to": [2.36255, 10.99139, 13.71194], "rotation": {"angle": 0, "axis": "x", "origin": [8.24255, 30.31139, 10.60194]}, "faces": { "east": {"uv": [1.5, 4.5, 14, 6.5], "texture": "#1"}, "west": {"uv": [1.5, 4.5, 14, 6.5], "texture": "#1"}, "down": {"uv": [1.5, 4.5, 14, 6.5], "texture": "#1"} } }, { "from": [2.71049, 9.85139, 14.05988], "to": [13.20049, 11.74139, 15.14988], "rotation": {"angle": 0, "axis": "x", "origin": [16.99049, 31.06139, 21.02988]}, "faces": { "north": {"uv": [1, 4.5, 14.5, 6.5], "texture": "#1"}, "south": {"uv": [1, 4.5, 14.5, 6.5], "texture": "#1"}, "up": {"uv": [1, 4.5, 14.5, 6.5], "texture": "#1"}, "down": {"uv": [1, 4.5, 14.5, 6.5], "texture": "#1"} } }, { "from": [3.03549, 5.65139, 13.30988], "to": [12.95049, 10.24139, 13.82488], "rotation": {"angle": 0, "axis": "x", "origin": [16.99049, 30.31139, 20.02988]}, "faces": { "north": {"uv": [1, 0.5, 13.5, 2.5], "texture": "#1"}, "south": {"uv": [1, 0.5, 13.5, 2.5], "texture": "#1"}, "down": {"uv": [1, 0.5, 13.5, 2.5], "texture": "#1"} } }, { "from": [13.54843, 5.65139, 11.22194], "to": [14.13843, 9.84139, 12.71194], "rotation": {"angle": 0, "axis": "x", "origin": [11.41843, 30.31139, 16.75194]}, "faces": { "north": {"uv": [1, 0.5, 13.5, 2.5], "texture": "#1"}, "east": {"uv": [1, 0.5, 13.5, 2.5], "texture": "#1"}, "south": {"uv": [1, 0.5, 13.5, 2.5], "texture": "#1"}, "west": {"uv": [1, 0.5, 13.5, 2.5], "texture": "#1"}, "up": {"uv": [1, 0.5, 13.5, 2.5], "texture": "#1"} } }, { "from": [1.92343, 5.65139, 11.12194], "to": [2.38843, 10.24139, 12.71194], "rotation": {"angle": 0, "axis": "x", "origin": [11.41843, 30.31139, 16.75194]}, "faces": { "north": {"uv": [1, 0.5, 13.5, 2.5], "texture": "#1"}, "west": {"uv": [1, 0.5, 13.5, 2.5], "texture": "#1"}, "down": {"uv": [1, 0.5, 13.5, 2.5], "texture": "#1"} } }, { "from": [1.92343, 8.25139, 6.13194], "to": [2.26343, 10.24139, 11.22194], "rotation": {"angle": 0, "axis": "x", "origin": [11.41843, 16.28139, -13.43806]}, "faces": { "north": {"uv": [1, 0.5, 13.5, 2.5], "rotation": 180, "texture": "#1"}, "west": {"uv": [1, 0.5, 13.5, 2.5], "rotation": 180, "texture": "#1"}, "down": {"uv": [1, 0.5, 13.5, 2.5], "rotation": 180, "texture": "#1"} } }, { "from": [13.79843, 8.25139, 5.93194], "to": [14.13843, 9.84139, 11.22194], "rotation": {"angle": 0, "axis": "x", "origin": [11.41843, 16.28139, -13.43806]}, "faces": { "east": {"uv": [1, 0.5, 13.5, 2.5], "rotation": 180, "texture": "#1"}, "west": {"uv": [1, 0.5, 13.5, 2.5], "rotation": 180, "texture": "#1"}, "up": {"uv": [1, 0.5, 13.5, 2.5], "rotation": 180, "texture": "#1"} } }, { "from": [13.79843, 7.51139, 6.88194], "to": [14.13843, 8.25139, 11.22194], "rotation": {"angle": 0, "axis": "x", "origin": [11.41843, 16.29139, -13.43806]}, "faces": { "east": {"uv": [1, 0.5, 13.5, 2.5], "rotation": 180, "texture": "#1"}, "west": {"uv": [1, 0.5, 13.5, 2.5], "rotation": 180, "texture": "#1"}, "down": {"uv": [1, 0.5, 13.5, 2.5], "rotation": 180, "texture": "#1"} } }, { "from": [1.92343, 7.50139, 7.13194], "to": [2.26343, 8.26639, 11.22194], "rotation": {"angle": 0, "axis": "x", "origin": [13.41843, 18.28139, -13.43806]}, "faces": { "north": {"uv": [1, 0.5, 13.5, 2.5], "rotation": 180, "texture": "#1"}, "west": {"uv": [1, 0.5, 13.5, 2.5], "rotation": 180, "texture": "#1"} } }, { "from": [1.92343, 6.60139, 8.88194], "to": [2.26343, 7.51639, 11.22194], "rotation": {"angle": 0, "axis": "x", "origin": [13.41843, 18.28139, -13.43806]}, "faces": { "north": {"uv": [1, 0.5, 13.5, 2.5], "rotation": 180, "texture": "#1"}, "west": {"uv": [1, 0.5, 13.5, 2.5], "rotation": 180, "texture": "#1"}, "down": {"uv": [1, 0.5, 13.5, 2.5], "rotation": 180, "texture": "#1"} } }, { "from": [13.77343, 6.50139, 8.88194], "to": [14.11343, 7.51639, 11.22194], "rotation": {"angle": 0, "axis": "x", "origin": [13.41843, 18.28139, -13.43806]}, "faces": { "north": {"uv": [1, 0.5, 13.5, 2.5], "rotation": 180, "texture": "#1"}, "east": {"uv": [1, 0.5, 13.5, 2.5], "rotation": 180, "texture": "#1"}, "west": {"uv": [1, 0.5, 13.5, 2.5], "rotation": 180, "texture": "#1"}, "up": {"uv": [1, 0.5, 13.5, 2.5], "rotation": 180, "texture": "#1"}, "down": {"uv": [1, 0.5, 13.5, 2.5], "rotation": 180, "texture": "#1"} } }, { "from": [2.71049, 4.84013, 13.66168], "to": [13.20049, 5.68013, 14.50168], "rotation": {"angle": 0, "axis": "x", "origin": [16.99049, 25.00013, 20.38168]}, "faces": { "north": {"uv": [1, 4.5, 14.5, 6.5], "texture": "#1"}, "south": {"uv": [1, 4.5, 14.5, 6.5], "texture": "#1"}, "up": {"uv": [1, 4.5, 14.5, 6.5], "texture": "#1"}, "down": {"uv": [1, 4.5, 14.5, 6.5], "texture": "#1"} } }, { "from": [13.79843, 10.90139, 4.72194], "to": [14.38843, 11.74139, 13.96194], "rotation": {"angle": 0, "axis": "x", "origin": [6.41843, 31.06139, 10.60194]}, "faces": { "north": {"uv": [1, 4.5, 14.5, 6.5], "texture": "#1"}, "east": {"uv": [1, 4.5, 14.5, 6.5], "texture": "#1"}, "up": {"uv": [1, 4.5, 14.5, 6.5], "texture": "#1"}, "down": {"uv": [1, 4.5, 14.5, 6.5], "texture": "#1"} } }, { "from": [13.29843, 9.85139, 5.47194], "to": [14.13843, 10.99139, 13.71194], "rotation": {"angle": 0, "axis": "x", "origin": [6.41843, 30.31139, 10.60194]}, "faces": { "north": {"uv": [1.5, 4.5, 14, 6.5], "texture": "#1"}, "east": {"uv": [1.5, 4.5, 14, 6.5], "texture": "#1"}, "west": {"uv": [1.5, 4.5, 14, 6.5], "texture": "#1"}, "up": {"uv": [1.5, 4.5, 14, 6.5], "texture": "#1"}, "down": {"uv": [1.5, 4.5, 14, 6.5], "texture": "#1"} } }, { "from": [-2.82157, 9.85139, 10.1943], "to": [-1.73157, 11.74139, 11.8743], "rotation": {"angle": 45, "axis": "y", "origin": [3.89843, 31.06139, 6.8343]}, "faces": { "north": {"uv": [1, 4.5, 14.5, 6.5], "texture": "#1"}, "east": {"uv": [1, 4.5, 14.5, 6.5], "texture": "#1"}, "west": {"uv": [1, 4.5, 14.5, 6.5], "texture": "#1"}, "up": {"uv": [1, 4.5, 14.5, 6.5], "texture": "#1"}, "down": {"uv": [1, 4.5, 14.5, 6.5], "texture": "#1"} } }, { "from": [-2.39835, 5.65139, 9.19608], "to": [-1.90835, 10.24139, 10.80108], "rotation": {"angle": 45, "axis": "y", "origin": [3.97165, 30.31139, 5.76108]}, "faces": { "north": {"uv": [1, 0.5, 13.5, 2.5], "texture": "#1"}, "east": {"uv": [1, 0.5, 13.5, 2.5], "texture": "#1"}, "south": {"uv": [1, 0.5, 13.5, 2.5], "texture": "#1"}, "west": {"uv": [1, 0.5, 13.5, 2.5], "texture": "#1"}, "up": {"uv": [1, 0.5, 13.5, 2.5], "texture": "#1"}, "down": {"uv": [1, 0.5, 13.5, 2.5], "texture": "#1"} } }, { "from": [-2.82157, 4.84013, 9.5461], "to": [-1.98157, 5.68013, 11.2261], "rotation": {"angle": 45, "axis": "y", "origin": [3.89843, 25.00013, 6.1861]}, "faces": { "north": {"uv": [1, 4.5, 14.5, 6.5], "texture": "#1"}, "east": {"uv": [1, 4.5, 14.5, 6.5], "texture": "#1"}, "west": {"uv": [1, 4.5, 14.5, 6.5], "texture": "#1"}, "up": {"uv": [1, 4.5, 14.5, 6.5], "texture": "#1"}, "down": {"uv": [1, 4.5, 14.5, 6.5], "texture": "#1"} } }, { "from": [17.39255, 9.85139, 10.1943], "to": [18.73255, 11.74139, 11.8743], "rotation": {"angle": -45, "axis": "y", "origin": [12.01255, 31.06139, 6.8343]}, "faces": { "north": {"uv": [1, 4.5, 14.5, 6.5], "texture": "#1"}, "east": {"uv": [1, 4.5, 14.5, 6.5], "texture": "#1"}, "west": {"uv": [1, 4.5, 14.5, 6.5], "texture": "#1"}, "up": {"uv": [1, 4.5, 14.5, 6.5], "texture": "#1"}, "down": {"uv": [1, 4.5, 14.5, 6.5], "texture": "#1"} } }, { "from": [17.60594, 5.65139, 8.95769], "to": [18.44594, 10.24139, 10.63769], "rotation": {"angle": -45, "axis": "y", "origin": [11.85094, 30.31139, 5.59769]}, "faces": { "north": {"uv": [1, 0.5, 13.5, 2.5], "texture": "#1"}, "east": {"uv": [1, 0.5, 13.5, 2.5], "texture": "#1"}, "south": {"uv": [1, 0.5, 13.5, 2.5], "texture": "#1"}, "west": {"uv": [1, 0.5, 13.5, 2.5], "texture": "#1"}, "up": {"uv": [1, 0.5, 13.5, 2.5], "texture": "#1"}, "down": {"uv": [1, 0.5, 13.5, 2.5], "texture": "#1"} } }, { "from": [17.89255, 4.84013, 9.5461], "to": [18.73255, 5.68013, 11.2261], "rotation": {"angle": -45, "axis": "y", "origin": [12.01255, 25.00013, 6.1861]}, "faces": { "north": {"uv": [1, 4.5, 14.5, 6.5], "texture": "#1"}, "east": {"uv": [1, 4.5, 14.5, 6.5], "texture": "#1"}, "west": {"uv": [1, 4.5, 14.5, 6.5], "texture": "#1"}, "up": {"uv": [1, 4.5, 14.5, 6.5], "texture": "#1"}, "down": {"uv": [1, 4.5, 14.5, 6.5], "texture": "#1"} } }, { "from": [1.52255, 8.63539, 8.5137], "to": [2.36255, 9.47539, 16.0737], "rotation": {"angle": 22.5, "axis": "x", "origin": [8.24255, 14.51539, 5.1537]}, "faces": { "east": {"uv": [1, 4.5, 14.5, 6.5], "texture": "#1"}, "south": {"uv": [1, 4.5, 14.5, 6.5], "texture": "#1"}, "west": {"uv": [1, 4.5, 14.5, 6.5], "texture": "#1"}, "up": {"uv": [1, 4.5, 14.5, 6.5], "texture": "#1"}, "down": {"uv": [1, 4.5, 14.5, 6.5], "texture": "#1"} } }, { "from": [2.02255, 8.78539, 10.7637], "to": [2.41255, 9.22539, 15.8237], "rotation": {"angle": 22.5, "axis": "x", "origin": [8.24255, 14.51539, 5.1537]}, "faces": { "east": {"uv": [1, 0.5, 3, 2.5], "rotation": 270, "texture": "#1"}, "south": {"uv": [1, 0.5, 3, 2.5], "rotation": 270, "texture": "#1"}, "up": {"uv": [1, 0.5, 3, 2.5], "rotation": 270, "texture": "#1"}, "down": {"uv": [1, 0.5, 3, 2.5], "rotation": 270, "texture": "#1"} } }, { "from": [13.54843, 8.63539, 8.5137], "to": [14.38843, 9.47539, 16.0737], "rotation": {"angle": 22.5, "axis": "x", "origin": [7.66843, 14.51539, 5.1537]}, "faces": { "east": {"uv": [1, 4.5, 14.5, 6.5], "texture": "#1"}, "south": {"uv": [1, 4.5, 14.5, 6.5], "texture": "#1"}, "west": {"uv": [1, 4.5, 14.5, 6.5], "texture": "#1"}, "up": {"uv": [1, 4.5, 14.5, 6.5], "texture": "#1"}, "down": {"uv": [1, 4.5, 14.5, 6.5], "texture": "#1"} } } ], "display": { "thirdperson_righthand": { "rotation": [75, -144, 0], "translation": [0, 0.6956, 0], "scale": [0.4, 0.4, 0.4] }, "thirdperson_lefthand": { "rotation": [75, -144, 0], "translation": [0, 0.6956, 0], "scale": [0.4, 0.4, 0.4] }, "firstperson_righthand": { "rotation": [-6, -59, 0], "translation": [0, 4.1956, 2.25], "scale": [0.4, 0.4, 0.4] }, "firstperson_lefthand": { "rotation": [-6, -59, 0], "translation": [0, 4.1956, 2.25], "scale": [0.4, 0.4, 0.4] }, "ground": { "translation": [0, 2, 0], "scale": [0.5, 0.5, 0.5] }, "gui": { "rotation": [19, -37, -4], "translation": [0, 0.4456, 2.25], "scale": [0.7, 0.7, 0.7] }, "head": { "rotation": [0, 180, 0], "translation": [0, 0.25, -0.5], "scale": [1.33, 1.33, 1.33] }, "fixed": { "rotation": [-90, 180, 0], "translation": [0.25, 0, -7.25], "scale": [1.5, 1.5, 1.5] } }, "groups": [ { "name": "group", "origin": [3, 13.5, 13], "color": 0, "children": [0, 1, 2, 3, 4, 5, 6, 7, 8, 9, 10, 11, 12, 13] }, { "name": "glasses", "origin": [7, 8, 8], "color": 0, "children": [14, 15, 16, 17, 18] }, { "name": "hexadecagon", "origin": [8, 8, 8], "color": 0, "children": [19, 20, 21, 22, 23, 24, 25, 26] }, { "name": "group", "origin": [5.82843, 5.54539, 2.6537], "color": 0, "children": [27, 28, 29, 30, 31, 32, 33, 34, 35, 36, 37, 38, 39, 40, 41, 42, 43, 44, 45, 46, 47, 48, 49, 50, 51, 52, 53, 54] } ] }