{ "credit": "Made with Blockbench", "texture_size": [128, 128], "textures": { "0": "ttp/i/c/a/eliashelmet", "particle": "ttp/i/c/a/eliashelmet" }, "elements": [ { "from": [1, 0, 1], "to": [3, 13.25, 2], "faces": { "north": {"uv": [1.254, 7.754, 2.496, 9.371], "texture": "#0"}, "west": {"uv": [1.254, 7.754, 2.496, 9.371], "texture": "#0"}, "up": {"uv": [1.254, 7.754, 2.496, 9.371], "texture": "#0"}, "down": {"uv": [1.254, 7.754, 2.496, 9.371], "texture": "#0"} } }, { "from": [1, 0, 2], "to": [2, 13.25, 3], "faces": { "west": {"uv": [1.254, 7.754, 2.496, 9.371], "texture": "#0"}, "up": {"uv": [1.254, 7.754, 2.496, 9.371], "texture": "#0"}, "down": {"uv": [1.254, 7.754, 2.496, 9.371], "texture": "#0"} } }, { "from": [0, 0, 3], "to": [1, 13.25, 13], "faces": { "north": {"uv": [1.254, 7.754, 2.496, 9.371], "texture": "#0"}, "south": {"uv": [1.254, 7.754, 2.496, 9.371], "texture": "#0"}, "west": {"uv": [1.254, 7.754, 2.496, 9.371], "texture": "#0"}, "up": {"uv": [1.254, 7.754, 2.496, 9.371], "texture": "#0"}, "down": {"uv": [1.254, 7.754, 2.496, 9.371], "texture": "#0"} } }, { "from": [13, 0, 1], "to": [15, 13, 2], "rotation": {"angle": 0, "axis": "y", "origin": [16, 0, 0]}, "faces": { "north": {"uv": [1.254, 7.754, 2.496, 9.371], "texture": "#0"}, "east": {"uv": [1.254, 7.754, 2.496, 9.371], "texture": "#0"}, "up": {"uv": [1.254, 7.754, 2.496, 9.371], "texture": "#0"}, "down": {"uv": [11.996, 0.504, 11.754, 0.621], "texture": "#0"} } }, { "from": [14, 0, 2], "to": [15, 13, 3], "rotation": {"angle": 0, "axis": "y", "origin": [16, 0, 0]}, "faces": { "east": {"uv": [1.254, 7.754, 2.496, 9.371], "texture": "#0"}, "up": {"uv": [1.254, 7.754, 2.496, 9.371], "texture": "#0"}, "down": {"uv": [3.246, 12.379, 3.129, 12.621], "texture": "#0"} } }, { "from": [15, 0, 3], "to": [16, 13, 13], "rotation": {"angle": 0, "axis": "y", "origin": [16, 0, 0]}, "faces": { "north": {"uv": [1.254, 7.754, 2.496, 9.371], "texture": "#0"}, "east": {"uv": [1.254, 7.754, 2.496, 9.371], "texture": "#0"}, "south": {"uv": [1.254, 7.754, 2.496, 9.371], "texture": "#0"}, "up": {"uv": [1.254, 7.754, 2.496, 9.371], "texture": "#0"}, "down": {"uv": [7.246, 12.129, 7.129, 13.371], "texture": "#0"} } }, { "from": [4, 0, 0], "to": [13, 6, 16], "rotation": {"angle": 0, "axis": "y", "origin": [16, 0, 16]}, "faces": { "north": {"uv": [1.254, 7.754, 2.496, 9.371], "texture": "#0"}, "east": {"uv": [1.254, 7.754, 2.496, 9.371], "texture": "#0"}, "south": {"uv": [1.254, 7.754, 2.496, 9.371], "texture": "#0"}, "west": {"uv": [1.254, 7.754, 2.496, 9.371], "texture": "#0"}, "up": {"uv": [1.254, 7.754, 2.496, 9.371], "texture": "#0"}, "down": {"uv": [1.254, 7.754, 2.496, 9.371], "texture": "#0"} } }, { "from": [1, 0, 14], "to": [3, 13.25, 15], "rotation": {"angle": 0, "axis": "y", "origin": [0, 0, 16]}, "faces": { "south": {"uv": [1.254, 7.754, 2.496, 9.371], "texture": "#0"}, "west": {"uv": [1.254, 7.754, 2.496, 9.371], "texture": "#0"}, "up": {"uv": [1.254, 7.754, 2.496, 9.371], "texture": "#0"}, "down": {"uv": [1.254, 7.754, 2.496, 9.371], "texture": "#0"} } }, { "from": [1, 0, 13], "to": [2, 13.25, 14], "rotation": {"angle": 0, "axis": "y", "origin": [0, 0, 16]}, "faces": { "west": {"uv": [1.254, 7.754, 2.496, 9.371], "texture": "#0"}, "up": {"uv": [1.254, 7.754, 2.496, 9.371], "texture": "#0"}, "down": {"uv": [1.254, 7.754, 2.496, 9.371], "texture": "#0"} } }, { "from": [14, 0, 13], "to": [15, 13, 14], "rotation": {"angle": 0, "axis": "y", "origin": [16, 0, 16]}, "faces": { "east": {"uv": [1.254, 7.754, 2.496, 9.371], "texture": "#0"}, "up": {"uv": [1.254, 7.754, 2.496, 9.371], "texture": "#0"}, "down": {"uv": [12.496, 9.879, 12.379, 10.121], "texture": "#0"} } }, { "from": [3, -1, 1], "to": [13, 14, 15], "faces": { "north": {"uv": [1.254, 7.754, 2.496, 9.371], "texture": "#0"}, "east": {"uv": [1.254, 7.754, 2.496, 9.371], "texture": "#0"}, "south": {"uv": [1.254, 7.754, 2.496, 9.371], "texture": "#0"}, "west": {"uv": [1.254, 7.754, 2.496, 9.371], "texture": "#0"}, "up": {"uv": [1.254, 7.754, 2.496, 9.371], "texture": "#0"}, "down": {"uv": [1.254, 7.754, 2.496, 9.371], "texture": "#0"} } }, { "from": [2, -1, 2], "to": [14, 14, 14], "faces": { "north": {"uv": [1.254, 7.754, 2.496, 9.371], "texture": "#0"}, "east": {"uv": [1.254, 7.754, 2.496, 9.371], "texture": "#0"}, "south": {"uv": [1.254, 7.754, 2.496, 9.371], "texture": "#0"}, "west": {"uv": [1.254, 7.754, 2.496, 9.371], "texture": "#0"}, "up": {"uv": [1.254, 7.754, 2.496, 9.371], "texture": "#0"}, "down": {"uv": [1.254, 7.754, 2.496, 9.371], "texture": "#0"} } }, { "from": [1, -1, 3], "to": [15, 14, 13], "faces": { "north": {"uv": [1.254, 7.754, 2.496, 9.371], "texture": "#0"}, "east": {"uv": [1.254, 7.754, 2.496, 9.371], "texture": "#0"}, "south": {"uv": [1.254, 7.754, 2.496, 9.371], "texture": "#0"}, "west": {"uv": [1.254, 7.754, 2.496, 9.371], "texture": "#0"}, "up": {"uv": [1.254, 7.754, 2.496, 9.371], "texture": "#0"}, "down": {"uv": [1.254, 7.754, 2.496, 9.371], "texture": "#0"} } }, { "from": [0, -1, 6], "to": [16, 14, 10], "faces": { "north": {"uv": [1.254, 7.754, 2.496, 9.371], "texture": "#0"}, "east": {"uv": [1.254, 7.754, 2.496, 9.371], "texture": "#0"}, "south": {"uv": [1.254, 7.754, 2.496, 9.371], "texture": "#0"}, "west": {"uv": [1.254, 7.754, 2.496, 9.371], "texture": "#0"}, "up": {"uv": [1.254, 7.754, 2.496, 9.371], "texture": "#0"}, "down": {"uv": [1.254, 7.754, 2.496, 9.371], "texture": "#0"} } }, { "from": [-0.25, 4, 2.75], "to": [1, 11, 13.25], "faces": { "north": {"uv": [3.879, 10.504, 4.496, 11.371], "texture": "#0"}, "south": {"uv": [3.879, 10.504, 4.496, 11.371], "texture": "#0"}, "west": {"uv": [3.879, 10.504, 4.496, 11.371], "texture": "#0"}, "up": {"uv": [9.121, 13.246, 9.004, 11.879], "texture": "#0"} } }, { "from": [0.75, 4.5, 0.75], "to": [7, 11, 15.25], "faces": { "north": {"uv": [3.879, 10.504, 4.496, 11.371], "texture": "#0"}, "south": {"uv": [3.879, 10.504, 4.496, 11.371], "texture": "#0"}, "west": {"uv": [3.879, 10.504, 4.496, 11.371], "texture": "#0"}, "down": {"uv": [2.246, 9.379, 1.504, 11.246], "texture": "#0"} } }, { "from": [-0.5, 8.5, 12], "to": [-0.25, 9, 12.5], "faces": { "north": {"uv": [12.379, 12.379, 12.496, 12.496], "texture": "#0"}, "south": {"uv": [12.379, 12.379, 12.496, 12.496], "texture": "#0"}, "west": {"uv": [12.379, 12.379, 12.496, 12.496], "texture": "#0"}, "down": {"uv": [12.379, 12.379, 12.496, 12.496], "texture": "#0"} } }, { "from": [-0.5, 9, 11.5], "to": [-0.25, 9.5, 12.5], "faces": { "north": {"uv": [12.379, 12.379, 12.496, 12.496], "texture": "#0"}, "south": {"uv": [12.379, 12.379, 12.496, 12.496], "texture": "#0"}, "west": {"uv": [12.379, 12.379, 12.496, 12.496], "texture": "#0"}, "up": {"uv": [12.379, 12.379, 12.496, 12.496], "texture": "#0"}, "down": {"uv": [12.379, 12.379, 12.496, 12.496], "texture": "#0"} } }, { "from": [-0.75, 4, 5.75], "to": [1, 11, 10.25], "faces": { "north": {"uv": [3.879, 10.504, 4.496, 11.371], "texture": "#0"}, "south": {"uv": [3.879, 10.504, 4.496, 11.371], "texture": "#0"}, "west": {"uv": [3.879, 10.504, 4.496, 11.371], "texture": "#0"} } }, { "from": [-1, 2, 2.75], "to": [1, 4, 13.25], "faces": { "north": {"uv": [1.254, 7.754, 2.496, 9.371], "texture": "#0"}, "south": {"uv": [1.254, 7.754, 2.496, 9.371], "texture": "#0"}, "west": {"uv": [1.254, 7.754, 2.496, 9.371], "texture": "#0"}, "up": {"uv": [1.254, 7.754, 2.496, 9.371], "texture": "#0"}, "down": {"uv": [1.254, 7.754, 2.496, 9.371], "texture": "#0"} } }, { "from": [0, 1, 1], "to": [3, 4.5, 15], "faces": { "north": {"uv": [1.254, 7.754, 2.496, 9.371], "texture": "#0"}, "south": {"uv": [1.254, 7.754, 2.496, 9.371], "texture": "#0"}, "west": {"uv": [1.254, 7.754, 2.496, 9.371], "texture": "#0"}, "up": {"uv": [1.254, 7.754, 2.496, 9.371], "texture": "#0"}, "down": {"uv": [1.254, 7.754, 2.496, 9.371], "texture": "#0"} } }, { "from": [1, 2, 0], "to": [4, 5, 16], "rotation": {"angle": 0, "axis": "y", "origin": [16, 0, 0]}, "faces": { "north": {"uv": [1.254, 7.754, 2.496, 9.371], "texture": "#0"}, "south": {"uv": [1.254, 7.754, 2.496, 9.371], "texture": "#0"}, "west": {"uv": [1.254, 7.754, 2.496, 9.371], "texture": "#0"}, "up": {"uv": [1.254, 7.754, 2.496, 9.371], "texture": "#0"}, "down": {"uv": [1.254, 7.754, 2.496, 9.371], "texture": "#0"} } }, { "from": [0, 11, 0.75], "to": [3, 12.5, 15.25], "faces": { "north": {"uv": [1.254, 7.754, 2.496, 9.371], "texture": "#0"}, "south": {"uv": [1.254, 7.754, 2.496, 9.371], "texture": "#0"}, "west": {"uv": [1.254, 7.754, 2.496, 9.371], "texture": "#0"}, "up": {"uv": [1.254, 7.754, 2.496, 9.371], "texture": "#0"}, "down": {"uv": [1.254, 7.754, 2.496, 9.371], "texture": "#0"} } }, { "from": [1, 11, 0], "to": [6, 12.5, 16], "rotation": {"angle": 0, "axis": "y", "origin": [16, 0, 0]}, "faces": { "north": {"uv": [1.254, 7.754, 2.496, 9.371], "texture": "#0"}, "south": {"uv": [1.254, 7.754, 2.496, 9.371], "texture": "#0"}, "west": {"uv": [1.254, 7.754, 2.496, 9.371], "texture": "#0"}, "up": {"uv": [1.254, 7.754, 2.496, 9.371], "texture": "#0"}, "down": {"uv": [1.254, 7.754, 2.496, 9.371], "texture": "#0"} } }, { "from": [-1, 11, 3], "to": [3, 12.5, 13], "faces": { "north": {"uv": [1.254, 7.754, 2.496, 9.371], "texture": "#0"}, "south": {"uv": [1.254, 7.754, 2.496, 9.371], "texture": "#0"}, "west": {"uv": [1.254, 7.754, 2.496, 9.371], "texture": "#0"}, "up": {"uv": [1.254, 7.754, 2.496, 9.371], "texture": "#0"}, "down": {"uv": [1.254, 7.754, 2.496, 9.371], "texture": "#0"} } }, { "from": [-1.25, 11, 5], "to": [3, 12.5, 11], "faces": { "north": {"uv": [1.254, 7.754, 2.496, 9.371], "texture": "#0"}, "south": {"uv": [1.254, 7.754, 2.496, 9.371], "texture": "#0"}, "west": {"uv": [1.254, 7.754, 2.496, 9.371], "texture": "#0"}, "up": {"uv": [1.254, 7.754, 2.496, 9.371], "texture": "#0"}, "down": {"uv": [1.254, 7.754, 2.496, 9.371], "texture": "#0"} } }, { "from": [3, 11, 0], "to": [6, 13, 16], "rotation": {"angle": 0, "axis": "y", "origin": [16, 0, 0]}, "faces": { "north": {"uv": [1.254, 7.754, 2.496, 9.371], "texture": "#0"}, "south": {"uv": [1.254, 7.754, 2.496, 9.371], "texture": "#0"}, "west": {"uv": [1.254, 7.754, 2.496, 9.371], "texture": "#0"}, "up": {"uv": [1.254, 7.754, 2.496, 9.371], "texture": "#0"} } }, { "from": [2, 1, 0], "to": [4, 2, 16], "rotation": {"angle": 0, "axis": "y", "origin": [16, 0, 0]}, "faces": { "north": {"uv": [1.254, 7.754, 2.496, 9.371], "texture": "#0"}, "south": {"uv": [1.254, 7.754, 2.496, 9.371], "texture": "#0"}, "west": {"uv": [1.254, 7.754, 2.496, 9.371], "texture": "#0"}, "down": {"uv": [1.254, 7.754, 2.496, 9.371], "texture": "#0"} } }, { "from": [13, 0, 14], "to": [15, 13, 15], "rotation": {"angle": 0, "axis": "y", "origin": [16, 0, 16]}, "faces": { "east": {"uv": [1.254, 7.754, 2.496, 9.371], "texture": "#0"}, "south": {"uv": [1.254, 7.754, 2.496, 9.371], "texture": "#0"}, "up": {"uv": [1.254, 7.754, 2.496, 9.371], "texture": "#0"}, "down": {"uv": [12.621, 12.004, 12.379, 12.121], "texture": "#0"} } }, { "from": [7, 6, 0], "to": [13, 10, 16], "rotation": {"angle": 0, "axis": "y", "origin": [16, 0, 16]}, "faces": { "north": {"uv": [1.254, 7.754, 2.496, 9.371], "texture": "#0"}, "east": {"uv": [1.254, 7.754, 2.496, 9.371], "texture": "#0"}, "south": {"uv": [1.254, 7.754, 2.496, 9.371], "texture": "#0"}, "west": {"uv": [1.254, 7.754, 2.496, 9.371], "texture": "#0"} } }, { "from": [6, 6, 0], "to": [7, 7, 16], "rotation": {"angle": 0, "axis": "y", "origin": [16, 0, 16]}, "faces": { "north": {"uv": [1.254, 7.754, 2.496, 9.371], "texture": "#0"}, "south": {"uv": [1.254, 7.754, 2.496, 9.371], "texture": "#0"}, "west": {"uv": [1.254, 7.754, 2.496, 9.371], "texture": "#0"}, "up": {"uv": [1.254, 7.754, 2.496, 9.371], "texture": "#0"} } }, { "from": [6, 10, 0], "to": [13, 13, 16], "rotation": {"angle": 0, "axis": "y", "origin": [16, 0, 16]}, "faces": { "north": {"uv": [1.254, 7.754, 2.496, 9.371], "texture": "#0"}, "east": {"uv": [1.254, 7.754, 2.496, 9.371], "texture": "#0"}, "south": {"uv": [1.254, 7.754, 2.496, 9.371], "texture": "#0"}, "west": {"uv": [1.254, 7.754, 2.496, 9.371], "texture": "#0"}, "up": {"uv": [1.254, 7.754, 2.496, 9.371], "texture": "#0"}, "down": {"uv": [1.254, 7.754, 2.496, 9.371], "texture": "#0"} } }, { "from": [2.1023, 11.73527, 1.975], "to": [6.1023, 13.83527, 4.975], "rotation": {"angle": 45, "axis": "z", "origin": [2.4773, 12.28527, 2.975]}, "faces": { "north": {"uv": [7.254, 12.129, 7.746, 12.371], "texture": "#0"}, "south": {"uv": [7.254, 12.129, 7.746, 12.371], "texture": "#0"}, "up": {"uv": [12.246, 1.246, 11.754, 0.879], "texture": "#0"} } }, { "from": [4.2417, 15.45066, 1.975], "to": [11.9917, 16.55066, 4.975], "rotation": {"angle": 22.5, "axis": "z", "origin": [5.6167, 15.50066, 2.975]}, "faces": { "north": {"uv": [12.621, 8.496, 11.629, 8.379], "texture": "#0"}, "east": {"uv": [11.254, 11.629, 11.496, 12.621], "texture": "#0"}, "south": {"uv": [11.629, 8.379, 12.621, 8.496], "texture": "#0"}, "up": {"uv": [8.496, 5.621, 7.504, 5.254], "texture": "#0"} } }, { "from": [4.2417, 11.45066, 1.475], "to": [9.9917, 16.05066, 5.475], "rotation": {"angle": 22.5, "axis": "z", "origin": [5.6167, 15.50066, 2.975]}, "faces": { "north": {"uv": [11.254, 11.629, 11.496, 12.621], "texture": "#0"}, "east": {"uv": [11.254, 11.629, 11.496, 12.621], "texture": "#0"}, "south": {"uv": [11.254, 11.629, 11.496, 12.621], "texture": "#0"}, "up": {"uv": [11.254, 11.629, 11.496, 12.621], "texture": "#0"} } }, { "from": [2.44009, 11.62688, 1.475], "to": [5.94009, 13.22688, 5.475], "rotation": {"angle": 45, "axis": "z", "origin": [2.31509, 12.17688, 2.975]}, "faces": { "north": {"uv": [11.254, 11.629, 11.496, 12.621], "texture": "#0"}, "south": {"uv": [11.254, 11.629, 11.496, 12.621], "texture": "#0"}, "up": {"uv": [11.254, 11.629, 11.496, 12.621], "texture": "#0"} } }, { "from": [8.58453, 10.64952, 1.975], "to": [10.08453, 18.39952, 4.975], "rotation": {"angle": -22.5, "axis": "z", "origin": [9.53453, 14.52452, 2.975]}, "faces": { "north": {"uv": [11.254, 11.629, 11.496, 12.621], "texture": "#0"}, "east": {"uv": [11.254, 11.629, 11.496, 12.621], "texture": "#0"}, "south": {"uv": [11.254, 11.629, 11.496, 12.621], "texture": "#0"} } }, { "from": [9.5, 14, 1.975], "to": [11, 17.75, 4.975], "rotation": {"angle": 0, "axis": "y", "origin": [11.25, 13.625, -1.025]}, "faces": { "north": {"uv": [11.254, 11.629, 11.496, 12.621], "texture": "#0"}, "east": {"uv": [11.254, 11.629, 11.496, 12.621], "texture": "#0"}, "south": {"uv": [11.254, 11.629, 11.496, 12.621], "texture": "#0"} } }, { "from": [2.1023, 11.73527, 11.025], "to": [6.1023, 13.83527, 14.025], "rotation": {"angle": 45, "axis": "z", "origin": [2.4773, 12.28527, 13.025]}, "faces": { "north": {"uv": [7.746, 12.129, 7.254, 12.371], "texture": "#0"}, "south": {"uv": [7.746, 12.129, 7.254, 12.371], "texture": "#0"}, "up": {"uv": [12.246, 0.879, 11.754, 1.246], "texture": "#0"} } }, { "from": [4.2417, 15.45066, 11.025], "to": [11.9917, 16.55066, 14.025], "rotation": {"angle": 22.5, "axis": "z", "origin": [5.6167, 15.50066, 13.025]}, "faces": { "north": {"uv": [12.621, 8.379, 11.629, 8.496], "texture": "#0"}, "east": {"uv": [11.254, 11.629, 11.496, 12.621], "texture": "#0"}, "south": {"uv": [11.629, 8.496, 12.621, 8.379], "texture": "#0"}, "up": {"uv": [8.496, 5.254, 7.504, 5.621], "texture": "#0"} } }, { "from": [8.58453, 10.64952, 11.025], "to": [10.08453, 18.39952, 14.025], "rotation": {"angle": -22.5, "axis": "z", "origin": [9.53453, 14.52452, 13.025]}, "faces": { "north": {"uv": [11.254, 11.629, 11.496, 12.621], "texture": "#0"}, "east": {"uv": [11.254, 11.629, 11.496, 12.621], "texture": "#0"}, "south": {"uv": [11.254, 11.629, 11.496, 12.621], "texture": "#0"} } }, { "from": [9.5, 14, 11.025], "to": [11, 17.75, 14.025], "rotation": {"angle": 0, "axis": "y", "origin": [11.25, 13.625, 17.025]}, "faces": { "north": {"uv": [11.254, 11.629, 11.496, 12.621], "texture": "#0"}, "east": {"uv": [11.254, 11.629, 11.496, 12.621], "texture": "#0"}, "south": {"uv": [11.254, 11.629, 11.496, 12.621], "texture": "#0"} } }, { "from": [2.44009, 11.62688, 10.525], "to": [5.94009, 13.22688, 14.525], "rotation": {"angle": 45, "axis": "z", "origin": [2.31509, 12.17688, 13.025]}, "faces": { "north": {"uv": [11.254, 11.629, 11.496, 12.621], "texture": "#0"}, "south": {"uv": [11.254, 11.629, 11.496, 12.621], "texture": "#0"}, "up": {"uv": [11.254, 11.629, 11.496, 12.621], "texture": "#0"} } }, { "from": [4.2417, 11.45066, 10.525], "to": [9.9917, 16.05066, 14.525], "rotation": {"angle": 22.5, "axis": "z", "origin": [5.6167, 15.50066, 13.025]}, "faces": { "north": {"uv": [11.254, 11.629, 11.496, 12.621], "texture": "#0"}, "east": {"uv": [11.254, 11.629, 11.496, 12.621], "texture": "#0"}, "south": {"uv": [11.254, 11.629, 11.496, 12.621], "texture": "#0"}, "up": {"uv": [11.254, 11.629, 11.496, 12.621], "texture": "#0"} } }, { "from": [5, 9, 0.25], "to": [6, 10, 15.75], "rotation": {"angle": 0, "axis": "y", "origin": [16, 0, 16]}, "faces": { "north": {"uv": [7.379, 12.129, 7.496, 12.246], "texture": "#0"}, "east": {"uv": [7.379, 12.129, 7.496, 12.246], "texture": "#0"}, "south": {"uv": [7.379, 12.129, 7.496, 12.246], "texture": "#0"}, "west": {"uv": [7.379, 12.129, 7.496, 12.246], "texture": "#0"}, "up": {"uv": [7.379, 12.129, 7.496, 12.246], "texture": "#0"}, "down": {"uv": [7.379, 12.129, 7.496, 12.246], "texture": "#0"} } } ], "display": { "thirdperson_righthand": { "rotation": [67, -57, 0], "translation": [-1, -0.25, 0.5], "scale": [0.3, 0.3, 0.3] }, "thirdperson_lefthand": { "rotation": [67, 117, 0], "translation": [-1, -0.25, 0.5], "scale": [0.3, 0.3, 0.3] }, "firstperson_righthand": { "rotation": [17, -58, 0], "translation": [1.25, 1.5, 0.5], "scale": [0.3, 0.3, 0.3] }, "firstperson_lefthand": { "rotation": [17, 107, 0], "translation": [1.25, 1.5, 0.5], "scale": [0.3, 0.3, 0.3] }, "ground": { "rotation": [-1.68, 6.46, -1.15], "translation": [1.25, 1.5, 0.5], "scale": [0.3, 0.3, 0.3] }, "gui": { "rotation": [6, 59, 0], "translation": [0.25, 0.25, 0.5], "scale": [0.66, 0.66, 0.66] }, "head": { "rotation": [0, -90, 0], "translation": [0, 1.75, 0], "scale": [1.05, 1.05, 1.05] }, "fixed": { "rotation": [-90, -90, 0], "translation": [0.5, 0, -8] } }, "groups": [ { "name": "group", "origin": [8, 8, 8], "color": 0, "children": [] }, { "name": "group", "origin": [8, 8, 8], "color": 0, "children": [] }, { "name": "group", "origin": [8, 8, 8], "color": 0, "children": [] }, { "name": "group", "origin": [16, 0, 0], "color": 0, "children": [] }, 0, 1, 2, 3, 4, 5, 6, 7, 8, 9, 10, 11, 12, 13, 14, 15, 16, 17, 18, 19, 20, 21, 22, 23, 24, 25, 26, 27, 28, 29, 30, 31, 32, 33, 34, 35, 36, 37, 38, 39, 40, 41, 42, 43, 44 ] }