{ "credit": "Made with Blockbench", "textures": { "1": "ttp/i/c/a/barlosamos_cap_mesh" }, "elements": [ { "from": [11.99, 2, 3], "to": [12, 6, 11], "faces": { "north": {"uv": [5.5, 12.5, 9.5, 14.5], "texture": "#1"}, "east": {"uv": [1, 12, 5, 14], "texture": "#1"}, "west": {"uv": [5, 12, 1, 14], "texture": "#1"} } }, { "from": [4, 2, 3.01], "to": [12, 6, 3.02], "faces": { "north": {"uv": [1, 0.5, 5, 2.5], "texture": "#1"}, "south": {"uv": [5.5, 9.5, 9.5, 11.5], "texture": "#1"}, "west": {"uv": [9.5, 12, 5.5, 14], "texture": "#1"} } }, { "from": [4, 2, 3], "to": [12, 2, 11], "faces": { "up": {"uv": [10, 0.5, 14, 4.5], "texture": "#1"}, "down": {"uv": [5.5, 0.5, 9.5, 4.5], "texture": "#1"} } }, { "from": [4, 2, 10.99], "to": [12, 6, 11], "faces": { "north": {"uv": [1, 0.5, 5, 2.5], "texture": "#1"}, "south": {"uv": [5.5, 9.5, 9.5, 11.5], "texture": "#1"}, "west": {"uv": [10, 12, 6, 14], "texture": "#1"} } }, { "from": [4.01, 2, 3], "to": [4.02, 6, 11], "faces": { "north": {"uv": [5.5, 12, 9.5, 14], "texture": "#1"}, "east": {"uv": [1, 12, 5, 14], "texture": "#1"}, "west": {"uv": [5, 12, 1, 14], "texture": "#1"} } }, { "from": [4, 6, 3], "to": [12, 6.01, 11], "faces": { "north": {"uv": [5.5, 14, 9.5, 14.5], "texture": "#1"}, "east": {"uv": [6, 13, 10, 13.5], "texture": "#1"}, "south": {"uv": [5.5, 13.5, 9.5, 14], "texture": "#1"}, "west": {"uv": [9.5, 14, 5.5, 14.5], "texture": "#1"}, "up": {"uv": [1, 7.5, 5, 11.5], "texture": "#1"}, "down": {"uv": [1, 7.5, 5, 11.5], "texture": "#1"} } }, { "from": [4, 2, 11], "to": [12, 2.01, 15], "faces": { "east": {"uv": [4.5, 3, 5, 5], "rotation": 270, "texture": "#1"}, "south": {"uv": [1, 6.5, 5, 7], "texture": "#1"}, "west": {"uv": [1, 3, 1.5, 5], "rotation": 90, "texture": "#1"}, "up": {"uv": [1, 5, 5, 7], "texture": "#1"}, "down": {"uv": [1, 3, 5, 5], "texture": "#1"} } }, { "from": [4.3, 3, 3.1], "to": [11.75, 5.65, 10.6], "faces": { "north": {"uv": [5.5, 8, 9.5, 9], "texture": "#1"}, "east": {"uv": [5.5, 6.5, 9.5, 7.5], "texture": "#1"}, "south": {"uv": [8, 6, 9, 7], "texture": "#1"}, "west": {"uv": [6.5, 5.5, 8.5, 8], "texture": "#1"}, "up": {"uv": [5.5, 5, 9.5, 7.5], "texture": "#1"}, "down": {"uv": [7.5, 5.5, 9, 7], "texture": "#1"} } }, { "from": [4.75, -1.5, 3.2], "to": [8, 0.5, 3.21], "faces": { "north": {"uv": [10, 9, 14, 15], "rotation": 90, "texture": "#1"}, "east": {"uv": [0, 0, 0.25, 3.75], "texture": "#1"}, "south": {"uv": [6.5, 12.5, 9.5, 15.5], "texture": "#1"}, "west": {"uv": [9, 12, 9.25, 15.75], "texture": "#1"}, "up": {"uv": [0, 0, 7, 0.25], "texture": "#1"}, "down": {"uv": [0, 0, 7, 0.25], "texture": "#1"} } } ], "gui_light": "front", "display": { "thirdperson_righthand": { "translation": [-1, 5.25, -4], "scale": [0.9, 0.9, 0.9] }, "thirdperson_lefthand": { "translation": [-1, 5.25, -4], "scale": [0.9, 0.9, 0.9] }, "firstperson_righthand": { "rotation": [0, 34, 0], "translation": [-0.75, 9.25, 0.75] }, "firstperson_lefthand": { "rotation": [0, 21, 0], "translation": [-4, 9.25, 1.25] }, "ground": { "translation": [0, 2.5, 0] }, "gui": { "rotation": [17.75, 148, 0], "translation": [0, 6.75, 0], "scale": [1.3, 1.3, 1.3] }, "head": { "rotation": [2, 0, 0], "translation": [0, 11.05, 2.35], "scale": [1.82109, 1.89453, 1.79101] }, "fixed": { "rotation": [-74, -180, 0], "translation": [0, 0, -19.5], "scale": [3, 3, 3] } } }