{ "credit": "Made with Blockbench", "texture_size": [64, 64], "textures": { "0": "ttp/i/c/a/blackcap", "particle": "ttp/i/c/a/blackcap" }, "elements": [ { "from": [-0.5, 0, -0.5], "to": [10.5, 3.5, 10.5], "faces": { "north": {"uv": [2.75, 2.75, 5.5, 3.5], "texture": "#0"}, "east": {"uv": [0, 2.75, 2.75, 3.5], "texture": "#0"}, "south": {"uv": [8.25, 2.75, 11, 3.5], "texture": "#0"}, "west": {"uv": [5.5, 2.75, 8.25, 3.5], "texture": "#0"}, "up": {"uv": [5.5, 2.75, 2.75, 0], "texture": "#0"}, "down": {"uv": [8.25, 0, 5.5, 2.75], "texture": "#0"} } }, { "from": [0, -0.19134, -3.93806], "to": [10, -0.18134, 0.06194], "rotation": {"angle": -22.5, "axis": "x", "origin": [-0.5, 0, -0.5]}, "faces": { "north": {"uv": [9.75, 1.25, 10.75, 2], "texture": "#0"}, "east": {"uv": [9.75, 1.25, 10.75, 2], "texture": "#0"}, "west": {"uv": [9.75, 1.25, 10.75, 2], "texture": "#0"}, "up": {"uv": [10, 4.5, 7.5, 3.5], "texture": "#0"}, "down": {"uv": [12.5, 3.5, 10, 4.5], "texture": "#0"} } } ], "display": { "thirdperson_righthand": { "rotation": [-21, -17, -21], "translation": [1.25, 3.25, -1.5], "scale": [0.53, 0.53, 0.53] }, "thirdperson_lefthand": { "rotation": [-21, -180, 68], "translation": [4.75, -1.75, -5.25], "scale": [0.53, 0.53, 0.53] }, "firstperson_righthand": { "rotation": [0, 129, -9], "translation": [15.5, 3.25, -19.5] }, "firstperson_lefthand": { "rotation": [0, 129, -9], "translation": [23.25, 2, -18] }, "ground": { "translation": [1.25, 1.5, 3.25], "scale": [0.57, 0.57, 0.57] }, "gui": { "rotation": [22, 158, 0], "translation": [-1, 8.25, 0] }, "head": { "translation": [3.9, 11.5, 3.75], "scale": [1.31, 1, 1.4] }, "fixed": { "rotation": [-90, 0, 0], "translation": [4.5, 7.5, -11], "scale": [1.47, 1.47, 1.47] } } }