{ "credit": "Made with Blockbench", "textures": { "2": "block/gray_concrete_powder", "4": "block/black_concrete_powder", "5": "block/white_concrete_powder", "particle": "block/gray_concrete_powder" }, "elements": [ { "from": [0.5, -3.5, -0.5], "to": [15.5, -2.5, 1], "faces": { "north": {"uv": [10, 3, 11, 4], "texture": "#5"}, "east": {"uv": [10, 3, 11, 4], "texture": "#5"}, "west": {"uv": [10, 3, 11, 4], "texture": "#5"}, "down": {"uv": [10, 3, 11, 4], "texture": "#5"} } }, { "from": [1.5, -4, -0.5], "to": [14.5, -3.5, 1], "faces": { "north": {"uv": [10, 3, 11, 4], "texture": "#5"}, "east": {"uv": [10, 3, 11, 4], "texture": "#5"}, "west": {"uv": [10, 3, 11, 4], "texture": "#5"}, "down": {"uv": [10, 3, 11, 4], "texture": "#5"} } }, { "from": [3, -4.5, -0.5], "to": [13, -4, 1], "faces": { "north": {"uv": [10, 3, 11, 4], "texture": "#5"}, "east": {"uv": [10, 3, 11, 4], "texture": "#5"}, "west": {"uv": [10, 3, 11, 4], "texture": "#5"}, "down": {"uv": [10, 3, 11, 4], "texture": "#5"} } }, { "from": [0, -2.5, -0.5], "to": [16, 10.5, 1], "faces": { "north": {"uv": [10, 3, 11, 4], "texture": "#5"}, "east": {"uv": [10, 3, 11, 4], "texture": "#5"}, "west": {"uv": [10, 3, 11, 4], "texture": "#5"}, "up": {"uv": [10, 3, 11, 4], "texture": "#5"}, "down": {"uv": [10, 3, 11, 4], "texture": "#5"} } }, { "from": [0.5, 10.5, -0.5], "to": [15.5, 11.5, 1], "faces": { "north": {"uv": [10, 3, 11, 4], "texture": "#5"}, "east": {"uv": [10, 3, 11, 4], "texture": "#5"}, "west": {"uv": [10, 3, 11, 4], "texture": "#5"}, "up": {"uv": [10, 3, 11, 4], "texture": "#5"} } }, { "from": [3, 12, -0.5], "to": [13, 12.5, 1], "rotation": {"angle": 0, "axis": "y", "origin": [0, 16, 0]}, "faces": { "north": {"uv": [10, 3, 11, 4], "texture": "#5"}, "east": {"uv": [10, 3, 11, 4], "texture": "#5"}, "west": {"uv": [10, 3, 11, 4], "texture": "#5"}, "up": {"uv": [10, 3, 11, 4], "texture": "#5"} } }, { "from": [1.5, 11.5, -0.5], "to": [14.5, 12, 1], "rotation": {"angle": 0, "axis": "y", "origin": [0, 16, 0]}, "faces": { "north": {"uv": [10, 3, 11, 4], "texture": "#5"}, "east": {"uv": [10, 3, 11, 4], "texture": "#5"}, "west": {"uv": [10, 3, 11, 4], "texture": "#5"}, "up": {"uv": [10, 3, 11, 4], "texture": "#5"} } }, { "from": [3, -5, 0], "to": [13, -3.5, 1], "faces": { "north": {"uv": [11, 5, 12, 6], "texture": "#5"}, "east": {"uv": [11, 5, 12, 6], "texture": "#5"}, "west": {"uv": [11, 5, 12, 6], "texture": "#5"}, "down": {"uv": [11, 5, 12, 6], "texture": "#5"} } }, { "from": [3, 10.5, 0], "to": [13, 13, 1], "rotation": {"angle": 0, "axis": "y", "origin": [0, 16, 0]}, "faces": { "north": {"uv": [11, 5, 12, 6], "texture": "#5"}, "up": {"uv": [11, 5, 12, 6], "texture": "#5"} } }, { "from": [1.5, -4.5, 0], "to": [14.5, 12.5, 1], "rotation": {"angle": 0, "axis": "y", "origin": [0, 16, 0]}, "faces": { "north": {"uv": [11, 5, 12, 6], "texture": "#5"}, "east": {"uv": [11, 5, 12, 6], "texture": "#5"}, "west": {"uv": [11, 5, 12, 6], "texture": "#5"}, "down": {"uv": [11, 5, 12, 6], "texture": "#5"} } }, { "from": [0.5, -4, 0], "to": [15.5, 12, 1], "faces": { "north": {"uv": [11, 5, 12, 6], "texture": "#5"}, "east": {"uv": [11, 5, 12, 6], "texture": "#5"}, "west": {"uv": [11, 5, 12, 6], "texture": "#5"}, "down": {"uv": [11, 5, 12, 6], "texture": "#5"} } }, { "from": [0, -3.5, 0], "to": [16, 11.5, 1], "faces": { "north": {"uv": [11, 5, 12, 6], "texture": "#5"}, "east": {"uv": [11, 5, 12, 6], "texture": "#5"}, "west": {"uv": [11, 5, 12, 6], "texture": "#5"}, "down": {"uv": [11, 5, 12, 6], "texture": "#5"} } }, { "from": [-0.5, -2.5, 0], "to": [16.5, 10.5, 1], "faces": { "north": {"uv": [11, 5, 12, 6], "texture": "#5"}, "east": {"uv": [11, 5, 12, 6], "texture": "#5"}, "west": {"uv": [11, 5, 12, 6], "texture": "#5"}, "up": {"uv": [11, 5, 12, 6], "texture": "#5"}, "down": {"uv": [11, 5, 12, 6], "texture": "#5"} } }, { "from": [-0.5, -3, 1], "to": [16.5, 11, 2], "faces": { "north": {"uv": [4, 1, 5, 2], "texture": "#5"}, "east": {"uv": [4, 1, 5, 2], "texture": "#5"}, "south": {"uv": [4, 1, 5, 2], "texture": "#5"}, "west": {"uv": [4, 1, 5, 2], "texture": "#5"}, "up": {"uv": [4, 1, 5, 2], "texture": "#5"}, "down": {"uv": [4, 1, 5, 2], "texture": "#5"} } }, { "from": [4, 10, 0.5], "to": [12, 13.5, 2], "rotation": {"angle": 0, "axis": "y", "origin": [0, 16, 0]}, "faces": { "north": {"uv": [4, 1, 5, 2], "texture": "#5"}, "east": {"uv": [4, 1, 5, 2], "texture": "#5"}, "south": {"uv": [4, 1, 5, 2], "texture": "#5"}, "west": {"uv": [4, 1, 5, 2], "texture": "#5"}, "up": {"uv": [4, 1, 5, 2], "texture": "#5"} } }, { "from": [1.5, 9.5, 1], "to": [14.5, 13, 2], "rotation": {"angle": 0, "axis": "y", "origin": [0, 16, 0]}, "faces": { "east": {"uv": [4, 1, 5, 2], "texture": "#5"}, "south": {"uv": [4, 1, 5, 2], "texture": "#5"}, "west": {"uv": [4, 1, 5, 2], "texture": "#5"}, "up": {"uv": [4, 1, 5, 2], "texture": "#5"} } }, { "from": [0.5, 9, 1], "to": [15.5, 12.5, 2], "rotation": {"angle": 0, "axis": "y", "origin": [0, 16, 0]}, "faces": { "east": {"uv": [4, 1, 5, 2], "texture": "#5"}, "south": {"uv": [4, 1, 5, 2], "texture": "#5"}, "west": {"uv": [4, 1, 5, 2], "texture": "#5"}, "up": {"uv": [4, 1, 5, 2], "texture": "#5"} } }, { "from": [0.5, -4.5, 1], "to": [15.5, -2, 2], "faces": { "north": {"uv": [4, 1, 5, 2], "texture": "#5"}, "east": {"uv": [4, 1, 5, 2], "texture": "#5"}, "south": {"uv": [4, 1, 5, 2], "texture": "#5"}, "west": {"uv": [4, 1, 5, 2], "texture": "#5"}, "down": {"uv": [4, 1, 5, 2], "texture": "#5"} } }, { "from": [0, -4, 1], "to": [16, 12, 2], "faces": { "north": {"uv": [4, 1, 5, 2], "texture": "#5"}, "east": {"uv": [4, 1, 5, 2], "texture": "#5"}, "south": {"uv": [4, 1, 5, 2], "texture": "#5"}, "west": {"uv": [4, 1, 5, 2], "texture": "#5"}, "up": {"uv": [4, 1, 5, 2], "texture": "#5"}, "down": {"uv": [4, 1, 5, 2], "texture": "#5"} } }, { "from": [1.5, -5, 1], "to": [14.5, -2.5, 2], "faces": { "north": {"uv": [4, 1, 5, 2], "texture": "#5"}, "east": {"uv": [4, 1, 5, 2], "texture": "#5"}, "south": {"uv": [4, 1, 5, 2], "texture": "#5"}, "west": {"uv": [4, 1, 5, 2], "texture": "#5"}, "down": {"uv": [4, 1, 5, 2], "texture": "#5"} } }, { "from": [3, -5.5, 1], "to": [13, -3, 2], "faces": { "north": {"uv": [4, 1, 5, 2], "texture": "#5"}, "east": {"uv": [4, 1, 5, 2], "texture": "#5"}, "south": {"uv": [4, 1, 5, 2], "texture": "#5"}, "west": {"uv": [4, 1, 5, 2], "texture": "#5"}, "down": {"uv": [4, 1, 5, 2], "texture": "#5"} } }, { "from": [-1, 1, 0.5], "to": [17, 7, 1.5], "faces": { "north": {"uv": [15, 2, 16, 3], "texture": "#4"}, "east": {"uv": [15, 2, 16, 3], "texture": "#4"}, "south": {"uv": [15, 2, 16, 3], "texture": "#4"}, "west": {"uv": [15, 2, 16, 3], "texture": "#4"}, "up": {"uv": [15, 2, 16, 3], "texture": "#4"}, "down": {"uv": [15, 2, 16, 3], "texture": "#4"} } }, { "from": [-0.75, 4.5, 1.25], "to": [-0.25, 6, 19.25], "rotation": {"angle": 0, "axis": "y", "origin": [16, 0, 0]}, "faces": { "east": {"uv": [1, 0, 0, 1], "texture": "#2"}, "west": {"uv": [1, 0, 0, 1], "texture": "#2"}, "up": {"uv": [1, 0, 0, 1], "texture": "#2"}, "down": {"uv": [1, 0, 0, 1], "texture": "#2"} } }, { "from": [-0.75, 2, 1.25], "to": [-0.25, 3.5, 19.25], "rotation": {"angle": 0, "axis": "y", "origin": [16, 0, 0]}, "faces": { "east": {"uv": [1, 0, 0, 1], "texture": "#2"}, "south": {"uv": [1, 0, 0, 1], "texture": "#2"}, "west": {"uv": [1, 0, 0, 1], "texture": "#2"}, "up": {"uv": [1, 0, 0, 1], "texture": "#2"}, "down": {"uv": [1, 0, 0, 1], "texture": "#2"} } }, { "from": [-0.75, 4.5, 18.75], "to": [16.25, 6, 19.25], "rotation": {"angle": 0, "axis": "y", "origin": [-0.5, 0.5, 0]}, "faces": { "north": {"uv": [1, 0, 0, 1], "texture": "#2"}, "south": {"uv": [1, 0, 0, 1], "texture": "#2"}, "up": {"uv": [1, 0, 0, 1], "texture": "#2"}, "down": {"uv": [1, 0, 0, 1], "texture": "#2"} } }, { "from": [-0.5, 2, 18.75], "to": [16.5, 3.5, 19.25], "rotation": {"angle": 0, "axis": "y", "origin": [-0.25, 0, 0]}, "faces": { "north": {"uv": [1, 0, 0, 1], "texture": "#2"}, "south": {"uv": [1, 0, 0, 1], "texture": "#2"}, "up": {"uv": [1, 0, 0, 1], "texture": "#2"}, "down": {"uv": [1, 0, 0, 1], "texture": "#2"} } }, { "from": [4.5, 1.5, 18.5], "to": [11.5, 6.5, 19.5], "rotation": {"angle": 0, "axis": "y", "origin": [0.5, 0, 0]}, "faces": { "north": {"uv": [15, 2, 16, 3], "texture": "#4"}, "east": {"uv": [15, 2, 16, 3], "texture": "#4"}, "south": {"uv": [15, 2, 16, 3], "texture": "#4"}, "west": {"uv": [15, 2, 16, 3], "texture": "#4"}, "up": {"uv": [15, 2, 16, 3], "texture": "#4"}, "down": {"uv": [15, 2, 16, 3], "texture": "#4"} } }, { "from": [16.25, 2, 1.25], "to": [16.75, 3.5, 19.25], "faces": { "east": {"uv": [1, 0, 0, 1], "texture": "#2"}, "south": {"uv": [1, 0, 0, 1], "texture": "#2"}, "west": {"uv": [1, 0, 0, 1], "texture": "#2"}, "up": {"uv": [1, 0, 0, 1], "texture": "#2"}, "down": {"uv": [1, 0, 0, 1], "texture": "#2"} } }, { "from": [16.25, 4.5, 1.25], "to": [16.75, 6, 19.25], "faces": { "east": {"uv": [1, 0, 0, 1], "texture": "#2"}, "south": {"uv": [1, 0, 0, 1], "texture": "#2"}, "west": {"uv": [1, 0, 0, 1], "texture": "#2"}, "up": {"uv": [1, 0, 0, 1], "texture": "#2"}, "down": {"uv": [1, 0, 0, 1], "texture": "#2"} } }, { "from": [8.25, -3, -0.525], "to": [8.75, -2.5, 1], "faces": { "north": {"uv": [10, 3, 11, 4], "texture": "#4"}, "east": {"uv": [10, 3, 11, 4], "texture": "#4"}, "west": {"uv": [10, 3, 11, 4], "texture": "#4"}, "up": {"uv": [10, 3, 11, 4], "texture": "#4"}, "down": {"uv": [10, 3, 11, 4], "texture": "#4"} } }, { "from": [8.75, -3.5, -0.525], "to": [9.75, -3, 1], "faces": { "north": {"uv": [10, 3, 11, 4], "texture": "#4"}, "east": {"uv": [10, 3, 11, 4], "texture": "#4"}, "west": {"uv": [10, 3, 11, 4], "texture": "#4"}, "up": {"uv": [10, 3, 11, 4], "texture": "#4"}, "down": {"uv": [10, 3, 11, 4], "texture": "#4"} } }, { "from": [9.75, -4, -0.525], "to": [11.75, -3.5, 1], "faces": { "north": {"uv": [10, 3, 11, 4], "texture": "#4"}, "east": {"uv": [10, 3, 11, 4], "texture": "#4"}, "west": {"uv": [10, 3, 11, 4], "texture": "#4"}, "up": {"uv": [10, 3, 11, 4], "texture": "#4"}, "down": {"uv": [10, 3, 11, 4], "texture": "#4"} } }, { "from": [11.75, -3.5, -0.525], "to": [12.75, -3, 1], "rotation": {"angle": 0, "axis": "y", "origin": [16, 0, 0]}, "faces": { "north": {"uv": [11, 3, 10, 4], "texture": "#4"}, "east": {"uv": [11, 3, 10, 4], "texture": "#4"}, "west": {"uv": [11, 3, 10, 4], "texture": "#4"}, "up": {"uv": [11, 3, 10, 4], "texture": "#4"}, "down": {"uv": [11, 3, 10, 4], "texture": "#4"} } }, { "from": [12.75, -3, -0.525], "to": [13.75, -2.5, 1], "rotation": {"angle": 0, "axis": "y", "origin": [16, 0, 0]}, "faces": { "north": {"uv": [11, 3, 10, 4], "texture": "#4"}, "east": {"uv": [11, 3, 10, 4], "texture": "#4"}, "west": {"uv": [11, 3, 10, 4], "texture": "#4"}, "up": {"uv": [11, 3, 10, 4], "texture": "#4"}, "down": {"uv": [11, 3, 10, 4], "texture": "#4"} } }, { "from": [13.75, -2.5, -0.525], "to": [14.25, -2, 1], "rotation": {"angle": 0, "axis": "y", "origin": [16, 0, 0]}, "faces": { "north": {"uv": [11, 3, 10, 4], "texture": "#4"}, "east": {"uv": [11, 3, 10, 4], "texture": "#4"}, "west": {"uv": [11, 3, 10, 4], "texture": "#4"}, "up": {"uv": [11, 3, 10, 4], "texture": "#4"}, "down": {"uv": [11, 3, 10, 4], "texture": "#4"} } }, { "from": [14.25, -2, -0.525], "to": [14.75, -1.5, 1], "rotation": {"angle": 0, "axis": "y", "origin": [16, 0, 0]}, "faces": { "north": {"uv": [11, 3, 10, 4], "texture": "#4"}, "east": {"uv": [11, 3, 10, 4], "texture": "#4"}, "west": {"uv": [11, 3, 10, 4], "texture": "#4"}, "up": {"uv": [11, 3, 10, 4], "texture": "#4"}, "down": {"uv": [11, 3, 10, 4], "texture": "#4"} } }, { "from": [7.75, -2.5, -0.525], "to": [8.25, -2, 1], "faces": { "north": {"uv": [10, 3, 11, 4], "texture": "#4"}, "east": {"uv": [10, 3, 11, 4], "texture": "#4"}, "west": {"uv": [10, 3, 11, 4], "texture": "#4"}, "up": {"uv": [10, 3, 11, 4], "texture": "#4"}, "down": {"uv": [10, 3, 11, 4], "texture": "#4"} } }, { "from": [7.25, -3, -0.525], "to": [7.75, -2.5, 1], "rotation": {"angle": 0, "axis": "y", "origin": [16, 0, 0]}, "faces": { "north": {"uv": [11, 3, 10, 4], "texture": "#4"}, "east": {"uv": [11, 3, 10, 4], "texture": "#4"}, "west": {"uv": [11, 3, 10, 4], "texture": "#4"}, "up": {"uv": [11, 3, 10, 4], "texture": "#4"}, "down": {"uv": [11, 3, 10, 4], "texture": "#4"} } }, { "from": [6.25, -3.5, -0.525], "to": [7.25, -3, 1], "rotation": {"angle": 0, "axis": "y", "origin": [16, 0, 0]}, "faces": { "north": {"uv": [11, 3, 10, 4], "texture": "#4"}, "east": {"uv": [11, 3, 10, 4], "texture": "#4"}, "west": {"uv": [11, 3, 10, 4], "texture": "#4"}, "up": {"uv": [11, 3, 10, 4], "texture": "#4"}, "down": {"uv": [11, 3, 10, 4], "texture": "#4"} } }, { "from": [4.25, -4, -0.525], "to": [6.25, -3.5, 1], "rotation": {"angle": 0, "axis": "y", "origin": [16, 0, 0]}, "faces": { "north": {"uv": [11, 3, 10, 4], "texture": "#4"}, "east": {"uv": [11, 3, 10, 4], "texture": "#4"}, "west": {"uv": [11, 3, 10, 4], "texture": "#4"}, "up": {"uv": [11, 3, 10, 4], "texture": "#4"}, "down": {"uv": [11, 3, 10, 4], "texture": "#4"} } }, { "from": [3.25, -3.5, -0.525], "to": [4.25, -3, 1], "faces": { "north": {"uv": [10, 3, 11, 4], "texture": "#4"}, "east": {"uv": [10, 3, 11, 4], "texture": "#4"}, "west": {"uv": [10, 3, 11, 4], "texture": "#4"}, "up": {"uv": [10, 3, 11, 4], "texture": "#4"}, "down": {"uv": [10, 3, 11, 4], "texture": "#4"} } }, { "from": [2.25, -3, -0.525], "to": [3.25, -2.5, 1], "faces": { "north": {"uv": [10, 3, 11, 4], "texture": "#4"}, "east": {"uv": [10, 3, 11, 4], "texture": "#4"}, "west": {"uv": [10, 3, 11, 4], "texture": "#4"}, "up": {"uv": [10, 3, 11, 4], "texture": "#4"}, "down": {"uv": [10, 3, 11, 4], "texture": "#4"} } }, { "from": [1.75, -2.5, -0.525], "to": [2.25, -2, 1], "faces": { "north": {"uv": [10, 3, 11, 4], "texture": "#4"}, "east": {"uv": [10, 3, 11, 4], "texture": "#4"}, "west": {"uv": [10, 3, 11, 4], "texture": "#4"}, "up": {"uv": [10, 3, 11, 4], "texture": "#4"}, "down": {"uv": [10, 3, 11, 4], "texture": "#4"} } }, { "from": [1.25, -2, -0.525], "to": [1.75, -1.5, 1], "faces": { "north": {"uv": [10, 3, 11, 4], "texture": "#4"}, "east": {"uv": [10, 3, 11, 4], "texture": "#4"}, "west": {"uv": [10, 3, 11, 4], "texture": "#4"}, "up": {"uv": [10, 3, 11, 4], "texture": "#4"}, "down": {"uv": [10, 3, 11, 4], "texture": "#4"} } }, { "from": [8.75, -1, -0.525], "to": [9.25, -0.5, 1], "faces": { "north": {"uv": [10, 3, 11, 4], "texture": "#4"}, "east": {"uv": [10, 3, 11, 4], "texture": "#4"}, "west": {"uv": [10, 3, 11, 4], "texture": "#4"}, "up": {"uv": [10, 3, 11, 4], "texture": "#4"}, "down": {"uv": [10, 3, 11, 4], "texture": "#4"} } }, { "from": [6.75, -1, -0.525], "to": [7.25, -0.5, 1], "rotation": {"angle": 0, "axis": "y", "origin": [16, 0, 0]}, "faces": { "north": {"uv": [11, 3, 10, 4], "texture": "#4"}, "east": {"uv": [11, 3, 10, 4], "texture": "#4"}, "west": {"uv": [11, 3, 10, 4], "texture": "#4"}, "up": {"uv": [11, 3, 10, 4], "texture": "#4"}, "down": {"uv": [11, 3, 10, 4], "texture": "#4"} } }, { "from": [9.25, -0.5, -0.525], "to": [9.75, 0.5, 1], "faces": { "north": {"uv": [10, 3, 11, 4], "texture": "#4"}, "east": {"uv": [10, 3, 11, 4], "texture": "#4"}, "west": {"uv": [10, 3, 11, 4], "texture": "#4"}, "up": {"uv": [10, 3, 11, 4], "texture": "#4"}, "down": {"uv": [10, 3, 11, 4], "texture": "#4"} } }, { "from": [6.25, -0.5, -0.525], "to": [6.75, 0.5, 1], "rotation": {"angle": 0, "axis": "y", "origin": [16, 0, 0]}, "faces": { "north": {"uv": [11, 3, 10, 4], "texture": "#4"}, "east": {"uv": [11, 3, 10, 4], "texture": "#4"}, "west": {"uv": [11, 3, 10, 4], "texture": "#4"}, "up": {"uv": [11, 3, 10, 4], "texture": "#4"}, "down": {"uv": [11, 3, 10, 4], "texture": "#4"} } }, { "from": [7.25, 1, -0.525], "to": [8.75, 3, 1], "rotation": {"angle": 0, "axis": "y", "origin": [-1.5, 0, 0]}, "faces": { "north": {"uv": [10, 3, 11, 4], "texture": "#4"}, "east": {"uv": [10, 3, 11, 4], "texture": "#4"}, "west": {"uv": [10, 3, 11, 4], "texture": "#4"}, "up": {"uv": [10, 3, 11, 4], "texture": "#4"}, "down": {"uv": [10, 3, 11, 4], "texture": "#4"} } }, { "from": [7.75, 3, -0.525], "to": [8.25, 4, 1], "rotation": {"angle": 0, "axis": "y", "origin": [-1.5, 0, 0]}, "faces": { "north": {"uv": [10, 3, 11, 4], "texture": "#4"}, "east": {"uv": [10, 3, 11, 4], "texture": "#4"}, "west": {"uv": [10, 3, 11, 4], "texture": "#4"}, "up": {"uv": [10, 3, 11, 4], "texture": "#4"} } }, { "from": [7.75, 0.5, -0.525], "to": [8.25, 1, 1], "rotation": {"angle": 0, "axis": "y", "origin": [-1.5, 0, 0]}, "faces": { "north": {"uv": [10, 3, 11, 4], "texture": "#4"}, "east": {"uv": [10, 3, 11, 4], "texture": "#4"}, "west": {"uv": [10, 3, 11, 4], "texture": "#4"}, "down": {"uv": [10, 3, 11, 4], "texture": "#4"} } }, { "from": [9.75, 2.5, -0.525], "to": [11.75, 3, 1], "rotation": {"angle": 0, "axis": "y", "origin": [-1.5, 0, 0]}, "faces": { "north": {"uv": [10, 3, 11, 4], "texture": "#4"}, "east": {"uv": [10, 3, 11, 4], "texture": "#4"}, "west": {"uv": [10, 3, 11, 4], "texture": "#4"}, "up": {"uv": [10, 3, 11, 4], "texture": "#4"}, "down": {"uv": [10, 3, 11, 4], "texture": "#4"} } }, { "from": [10.25, 3, -0.525], "to": [13.25, 3.5, 1], "rotation": {"angle": 0, "axis": "y", "origin": [-1.5, 0, 0]}, "faces": { "north": {"uv": [10, 3, 11, 4], "texture": "#4"}, "east": {"uv": [10, 3, 11, 4], "texture": "#4"}, "west": {"uv": [10, 3, 11, 4], "texture": "#4"}, "up": {"uv": [10, 3, 11, 4], "texture": "#4"}, "down": {"uv": [10, 3, 11, 4], "texture": "#4"} } }, { "from": [10.75, 3.5, -0.525], "to": [14.25, 4, 1], "rotation": {"angle": 0, "axis": "y", "origin": [-1.5, 0, 0]}, "faces": { "north": {"uv": [10, 3, 11, 4], "texture": "#4"}, "east": {"uv": [10, 3, 11, 4], "texture": "#4"}, "west": {"uv": [10, 3, 11, 4], "texture": "#4"}, "up": {"uv": [10, 3, 11, 4], "texture": "#4"}, "down": {"uv": [10, 3, 11, 4], "texture": "#4"} } }, { "from": [14.75, 4.5, -0.525], "to": [15.25, 5, 1], "rotation": {"angle": 0, "axis": "y", "origin": [-1.5, 0, 0]}, "faces": { "north": {"uv": [10, 3, 11, 4], "texture": "#4"}, "east": {"uv": [10, 3, 11, 4], "texture": "#4"}, "west": {"uv": [10, 3, 11, 4], "texture": "#4"}, "up": {"uv": [10, 3, 11, 4], "texture": "#4"}, "down": {"uv": [10, 3, 11, 4], "texture": "#4"} } }, { "from": [12, 4, -0.525], "to": [14.75, 4.5, 1], "rotation": {"angle": 0, "axis": "y", "origin": [-1.5, 0, 0]}, "faces": { "north": {"uv": [10, 3, 11, 4], "texture": "#4"}, "east": {"uv": [10, 3, 11, 4], "texture": "#4"}, "west": {"uv": [10, 3, 11, 4], "texture": "#4"}, "up": {"uv": [10, 3, 11, 4], "texture": "#4"}, "down": {"uv": [10, 3, 11, 4], "texture": "#4"} } }, { "from": [4.25, 2.5, -0.525], "to": [6.25, 3, 1], "rotation": {"angle": 0, "axis": "y", "origin": [17.5, 0, 0]}, "faces": { "north": {"uv": [11, 3, 10, 4], "texture": "#4"}, "east": {"uv": [11, 3, 10, 4], "texture": "#4"}, "west": {"uv": [11, 3, 10, 4], "texture": "#4"}, "up": {"uv": [11, 3, 10, 4], "texture": "#4"}, "down": {"uv": [11, 3, 10, 4], "texture": "#4"} } }, { "from": [2.75, 3, -0.525], "to": [5.75, 3.5, 1], "rotation": {"angle": 0, "axis": "y", "origin": [17.5, 0, 0]}, "faces": { "north": {"uv": [11, 3, 10, 4], "texture": "#4"}, "east": {"uv": [11, 3, 10, 4], "texture": "#4"}, "west": {"uv": [11, 3, 10, 4], "texture": "#4"}, "up": {"uv": [11, 3, 10, 4], "texture": "#4"}, "down": {"uv": [11, 3, 10, 4], "texture": "#4"} } }, { "from": [1.75, 3.5, -0.525], "to": [5.25, 4, 1], "rotation": {"angle": 0, "axis": "y", "origin": [17.5, 0, 0]}, "faces": { "north": {"uv": [11, 3, 10, 4], "texture": "#4"}, "east": {"uv": [11, 3, 10, 4], "texture": "#4"}, "west": {"uv": [11, 3, 10, 4], "texture": "#4"}, "up": {"uv": [11, 3, 10, 4], "texture": "#4"}, "down": {"uv": [11, 3, 10, 4], "texture": "#4"} } }, { "from": [0.75, 4.5, -0.525], "to": [1.25, 5, 1], "rotation": {"angle": 0, "axis": "y", "origin": [17.5, 0, 0]}, "faces": { "north": {"uv": [11, 3, 10, 4], "texture": "#4"}, "east": {"uv": [11, 3, 10, 4], "texture": "#4"}, "west": {"uv": [11, 3, 10, 4], "texture": "#4"}, "up": {"uv": [11, 3, 10, 4], "texture": "#4"}, "down": {"uv": [11, 3, 10, 4], "texture": "#4"} } }, { "from": [1.25, 4, -0.525], "to": [4, 4.5, 1], "rotation": {"angle": 0, "axis": "y", "origin": [17.5, 0, 0]}, "faces": { "north": {"uv": [11, 3, 10, 4], "texture": "#4"}, "east": {"uv": [11, 3, 10, 4], "texture": "#4"}, "west": {"uv": [11, 3, 10, 4], "texture": "#4"}, "up": {"uv": [11, 3, 10, 4], "texture": "#4"}, "down": {"uv": [11, 3, 10, 4], "texture": "#4"} } }, { "from": [9.25, 4.5, -0.525], "to": [10.25, 5.5, 1], "rotation": {"angle": 0, "axis": "y", "origin": [-1.5, 0, 0]}, "faces": { "north": {"uv": [0, 0, 1, 1], "texture": "#2"}, "east": {"uv": [0, 0, 1, 1], "texture": "#2"}, "west": {"uv": [0, 0, 1, 1], "texture": "#2"}, "up": {"uv": [0, 0, 1, 1], "texture": "#2"}, "down": {"uv": [0, 0, 1, 1], "texture": "#2"} } }, { "from": [5.75, 4.5, -0.525], "to": [6.75, 5.5, 1], "rotation": {"angle": 0, "axis": "y", "origin": [17.5, 0, 0]}, "faces": { "north": {"uv": [0, 0, 1, 1], "texture": "#2"}, "east": {"uv": [0, 0, 1, 1], "texture": "#2"}, "west": {"uv": [0, 0, 1, 1], "texture": "#2"}, "up": {"uv": [0, 0, 1, 1], "texture": "#2"}, "down": {"uv": [0, 0, 1, 1], "texture": "#2"} } }, { "from": [9.75, 5, -0.525], "to": [10.75, 6, 1], "rotation": {"angle": 0, "axis": "y", "origin": [-1.5, 0, 0]}, "faces": { "north": {"uv": [0, 0, 1, 1], "texture": "#2"}, "east": {"uv": [0, 0, 1, 1], "texture": "#2"}, "west": {"uv": [0, 0, 1, 1], "texture": "#2"}, "up": {"uv": [0, 0, 1, 1], "texture": "#2"}, "down": {"uv": [0, 0, 1, 1], "texture": "#2"} } }, { "from": [5.25, 5, -0.525], "to": [6.25, 6, 1], "rotation": {"angle": 0, "axis": "y", "origin": [17.5, 0, 0]}, "faces": { "north": {"uv": [0, 0, 1, 1], "texture": "#2"}, "east": {"uv": [0, 0, 1, 1], "texture": "#2"}, "west": {"uv": [0, 0, 1, 1], "texture": "#2"}, "up": {"uv": [0, 0, 1, 1], "texture": "#2"}, "down": {"uv": [0, 0, 1, 1], "texture": "#2"} } }, { "from": [7.75, 5, -0.525], "to": [8.25, 6.5, 1], "rotation": {"angle": 0, "axis": "y", "origin": [-3.25, 0, 0]}, "faces": { "north": {"uv": [10, 3, 11, 4], "texture": "#4"}, "east": {"uv": [10, 3, 11, 4], "texture": "#4"}, "west": {"uv": [10, 3, 11, 4], "texture": "#4"}, "up": {"uv": [10, 3, 11, 4], "texture": "#4"}, "down": {"uv": [10, 3, 11, 4], "texture": "#4"} } }, { "from": [7.25, 5.5, -0.525], "to": [8.75, 6, 1], "rotation": {"angle": 0, "axis": "y", "origin": [-3.25, 0, 0]}, "faces": { "north": {"uv": [10, 3, 11, 4], "texture": "#4"}, "east": {"uv": [10, 3, 11, 4], "texture": "#4"}, "west": {"uv": [10, 3, 11, 4], "texture": "#4"}, "up": {"uv": [10, 3, 11, 4], "texture": "#4"}, "down": {"uv": [10, 3, 11, 4], "texture": "#4"} } }, { "from": [7.25, 12, -0.525], "to": [8.75, 12.525, 1], "rotation": {"angle": 0, "axis": "y", "origin": [-3.25, 0, 0]}, "faces": { "north": {"uv": [10, 3, 11, 4], "texture": "#4"}, "east": {"uv": [10, 3, 11, 4], "texture": "#4"}, "west": {"uv": [10, 3, 11, 4], "texture": "#4"}, "up": {"uv": [10, 3, 11, 4], "texture": "#4"}, "down": {"uv": [10, 3, 11, 4], "texture": "#4"} } }, { "from": [7.25, 7, -0.525], "to": [8.75, 8, 1], "rotation": {"angle": 0, "axis": "y", "origin": [-3.25, 0, 0]}, "faces": { "north": {"uv": [10, 3, 11, 4], "texture": "#4"}, "east": {"uv": [10, 3, 11, 4], "texture": "#4"}, "west": {"uv": [10, 3, 11, 4], "texture": "#4"}, "up": {"uv": [10, 3, 11, 4], "texture": "#4"}, "down": {"uv": [10, 3, 11, 4], "texture": "#4"} } }, { "from": [8.75, 7.5, -0.525], "to": [9.75, 8, 1], "rotation": {"angle": 0, "axis": "y", "origin": [-3.25, 0, 0]}, "faces": { "north": {"uv": [10, 3, 11, 4], "texture": "#4"}, "east": {"uv": [10, 3, 11, 4], "texture": "#4"}, "down": {"uv": [10, 3, 11, 4], "texture": "#4"} } }, { "from": [6.25, 7.5, -0.525], "to": [7.75, 8.5, 1], "rotation": {"angle": 0, "axis": "y", "origin": [19.25, 0, 0]}, "faces": { "north": {"uv": [11, 3, 10, 4], "texture": "#4"}, "east": {"uv": [11, 3, 10, 4], "texture": "#4"}, "west": {"uv": [11, 3, 10, 4], "texture": "#4"}, "up": {"uv": [11, 3, 10, 4], "texture": "#4"}, "down": {"uv": [11, 3, 10, 4], "texture": "#4"} } }, { "from": [8.75, 11.5, -0.525], "to": [9.75, 12, 1], "rotation": {"angle": 0, "axis": "y", "origin": [-3.25, 0, 0]}, "faces": { "north": {"uv": [10, 3, 11, 4], "texture": "#4"}, "east": {"uv": [10, 3, 11, 4], "texture": "#4"}, "west": {"uv": [10, 3, 11, 4], "texture": "#4"}, "up": {"uv": [10, 3, 11, 4], "texture": "#4"}, "down": {"uv": [10, 3, 11, 4], "texture": "#4"} } }, { "from": [6.25, 11.5, -0.525], "to": [7.25, 12, 1], "rotation": {"angle": 0, "axis": "y", "origin": [19.25, 0, 0]}, "faces": { "north": {"uv": [11, 3, 10, 4], "texture": "#4"}, "east": {"uv": [11, 3, 10, 4], "texture": "#4"}, "west": {"uv": [11, 3, 10, 4], "texture": "#4"}, "up": {"uv": [11, 3, 10, 4], "texture": "#4"}, "down": {"uv": [11, 3, 10, 4], "texture": "#4"} } }, { "from": [8.75, 8, -0.525], "to": [10.25, 9, 1], "rotation": {"angle": 0, "axis": "y", "origin": [-3.25, 0, 0]}, "faces": { "north": {"uv": [10, 3, 11, 4], "texture": "#4"}, "east": {"uv": [10, 3, 11, 4], "texture": "#4"}, "west": {"uv": [10, 3, 11, 4], "texture": "#4"}, "up": {"uv": [10, 3, 11, 4], "texture": "#4"}, "down": {"uv": [10, 3, 11, 4], "texture": "#4"} } }, { "from": [7.25, 9, -0.525], "to": [9.75, 10, 1], "rotation": {"angle": 0, "axis": "y", "origin": [-3.25, 0, 0]}, "faces": { "north": {"uv": [10, 3, 11, 4], "texture": "#4"}, "east": {"uv": [10, 3, 11, 4], "texture": "#4"}, "west": {"uv": [10, 3, 11, 4], "texture": "#4"}, "up": {"uv": [10, 3, 11, 4], "texture": "#4"} } }, { "from": [6.25, 9, -0.525], "to": [9.75, 9.5, 1], "rotation": {"angle": 0, "axis": "y", "origin": [-3.25, 0, 0]}, "faces": { "north": {"uv": [10, 3, 11, 4], "texture": "#4"}, "west": {"uv": [10, 3, 11, 4], "texture": "#4"}, "up": {"uv": [10, 3, 11, 4], "texture": "#4"}, "down": {"uv": [10, 3, 11, 4], "texture": "#4"} } }, { "from": [8.25, 8.5, -0.525], "to": [9.25, 10.5, 1], "rotation": {"angle": 0, "axis": "y", "origin": [-3.25, 0, 0]}, "faces": { "north": {"uv": [10, 3, 11, 4], "texture": "#4"}, "east": {"uv": [10, 3, 11, 4], "texture": "#4"}, "west": {"uv": [10, 3, 11, 4], "texture": "#4"}, "up": {"uv": [10, 3, 11, 4], "texture": "#4"}, "down": {"uv": [10, 3, 11, 4], "texture": "#4"} } }, { "from": [6.5, 10.25, -0.525], "to": [7.5, 10.75, 1], "rotation": {"angle": 0, "axis": "y", "origin": [-3.25, 0, 0]}, "faces": { "north": {"uv": [10, 3, 11, 4], "texture": "#4"}, "east": {"uv": [10, 3, 11, 4], "texture": "#4"}, "west": {"uv": [10, 3, 11, 4], "texture": "#4"}, "up": {"uv": [10, 3, 11, 4], "texture": "#4"}, "down": {"uv": [10, 3, 11, 4], "texture": "#4"} } }, { "from": [7, 10.75, -0.525], "to": [8, 11.25, 1], "rotation": {"angle": 0, "axis": "y", "origin": [-3.25, 0, 0]}, "faces": { "north": {"uv": [10, 3, 11, 4], "texture": "#4"}, "east": {"uv": [10, 3, 11, 4], "texture": "#4"}, "west": {"uv": [10, 3, 11, 4], "texture": "#4"}, "up": {"uv": [10, 3, 11, 4], "texture": "#4"}, "down": {"uv": [10, 3, 11, 4], "texture": "#4"} } }, { "from": [5.75, 8, -0.525], "to": [7.25, 9, 1], "rotation": {"angle": 0, "axis": "y", "origin": [19.25, 0, 0]}, "faces": { "north": {"uv": [11, 3, 10, 4], "texture": "#4"}, "east": {"uv": [11, 3, 10, 4], "texture": "#4"}, "west": {"uv": [11, 3, 10, 4], "texture": "#4"}, "up": {"uv": [11, 3, 10, 4], "texture": "#4"}, "down": {"uv": [11, 3, 10, 4], "texture": "#4"} } }, { "from": [9.75, 10.5, -0.525], "to": [10.25, 11.5, 1], "rotation": {"angle": 0, "axis": "y", "origin": [-3.25, 0, 0]}, "faces": { "north": {"uv": [10, 3, 11, 4], "texture": "#4"}, "east": {"uv": [10, 3, 11, 4], "texture": "#4"}, "west": {"uv": [10, 3, 11, 4], "texture": "#4"}, "up": {"uv": [10, 3, 11, 4], "texture": "#4"}, "down": {"uv": [10, 3, 11, 4], "texture": "#4"} } }, { "from": [5.75, 10.5, -0.525], "to": [6.25, 11.5, 1], "rotation": {"angle": 0, "axis": "y", "origin": [19.25, 0, 0]}, "faces": { "north": {"uv": [11, 3, 10, 4], "texture": "#4"}, "east": {"uv": [11, 3, 10, 4], "texture": "#4"}, "west": {"uv": [11, 3, 10, 4], "texture": "#4"}, "up": {"uv": [11, 3, 10, 4], "texture": "#4"}, "down": {"uv": [11, 3, 10, 4], "texture": "#4"} } }, { "from": [10.25, 9, -0.525], "to": [10.75, 10.5, 1], "rotation": {"angle": 0, "axis": "y", "origin": [-3.25, 0, 0]}, "faces": { "north": {"uv": [10, 3, 11, 4], "texture": "#4"}, "east": {"uv": [10, 3, 11, 4], "texture": "#4"}, "west": {"uv": [10, 3, 11, 4], "texture": "#4"}, "up": {"uv": [10, 3, 11, 4], "texture": "#4"}, "down": {"uv": [10, 3, 11, 4], "texture": "#4"} } }, { "from": [5.25, 9, -0.525], "to": [5.75, 10.5, 1], "rotation": {"angle": 0, "axis": "y", "origin": [19.25, 0, 0]}, "faces": { "north": {"uv": [11, 3, 10, 4], "texture": "#4"}, "east": {"uv": [11, 3, 10, 4], "texture": "#4"}, "west": {"uv": [11, 3, 10, 4], "texture": "#4"}, "up": {"uv": [11, 3, 10, 4], "texture": "#4"}, "down": {"uv": [11, 3, 10, 4], "texture": "#4"} } }, { "from": [11.75, 10, -0.525], "to": [12.25, 10.5, 1], "rotation": {"angle": 0, "axis": "y", "origin": [-3.25, 0, 0]}, "faces": { "north": {"uv": [10, 3, 11, 4], "texture": "#4"}, "east": {"uv": [10, 3, 11, 4], "texture": "#4"}, "west": {"uv": [10, 3, 11, 4], "texture": "#4"}, "up": {"uv": [10, 3, 11, 4], "texture": "#4"}, "down": {"uv": [10, 3, 11, 4], "texture": "#4"} } }, { "from": [11.75, 9, -0.525], "to": [12.25, 9.5, 1], "rotation": {"angle": 0, "axis": "y", "origin": [-3.25, 0, 0]}, "faces": { "north": {"uv": [10, 3, 11, 4], "texture": "#4"}, "east": {"uv": [10, 3, 11, 4], "texture": "#4"}, "west": {"uv": [10, 3, 11, 4], "texture": "#4"}, "up": {"uv": [10, 3, 11, 4], "texture": "#4"}, "down": {"uv": [10, 3, 11, 4], "texture": "#4"} } }, { "from": [12.25, 9.5, -0.525], "to": [13.75, 10, 1], "rotation": {"angle": 0, "axis": "y", "origin": [-3.25, 0, 0]}, "faces": { "north": {"uv": [10, 3, 11, 4], "texture": "#4"}, "east": {"uv": [10, 3, 11, 4], "texture": "#4"}, "west": {"uv": [10, 3, 11, 4], "texture": "#4"}, "up": {"uv": [10, 3, 11, 4], "texture": "#4"}, "down": {"uv": [10, 3, 11, 4], "texture": "#4"} } }, { "from": [12.75, 9, -0.525], "to": [13.25, 10.5, 1], "rotation": {"angle": 0, "axis": "y", "origin": [-3.25, 0, 0]}, "faces": { "north": {"uv": [10, 3, 11, 4], "texture": "#4"}, "east": {"uv": [10, 3, 11, 4], "texture": "#4"}, "west": {"uv": [10, 3, 11, 4], "texture": "#4"}, "up": {"uv": [10, 3, 11, 4], "texture": "#4"}, "down": {"uv": [10, 3, 11, 4], "texture": "#4"} } }, { "from": [3.75, 10, -0.525], "to": [4.25, 10.5, 1], "rotation": {"angle": 0, "axis": "y", "origin": [19.25, 0, 0]}, "faces": { "north": {"uv": [11, 3, 10, 4], "texture": "#4"}, "east": {"uv": [11, 3, 10, 4], "texture": "#4"}, "west": {"uv": [11, 3, 10, 4], "texture": "#4"}, "up": {"uv": [11, 3, 10, 4], "texture": "#4"}, "down": {"uv": [11, 3, 10, 4], "texture": "#4"} } }, { "from": [3.75, 9, -0.525], "to": [4.25, 9.5, 1], "rotation": {"angle": 0, "axis": "y", "origin": [19.25, 0, 0]}, "faces": { "north": {"uv": [11, 3, 10, 4], "texture": "#4"}, "east": {"uv": [11, 3, 10, 4], "texture": "#4"}, "west": {"uv": [11, 3, 10, 4], "texture": "#4"}, "up": {"uv": [11, 3, 10, 4], "texture": "#4"}, "down": {"uv": [11, 3, 10, 4], "texture": "#4"} } }, { "from": [2.25, 9.5, -0.525], "to": [3.75, 10, 1], "rotation": {"angle": 0, "axis": "y", "origin": [19.25, 0, 0]}, "faces": { "north": {"uv": [11, 3, 10, 4], "texture": "#4"}, "east": {"uv": [11, 3, 10, 4], "texture": "#4"}, "west": {"uv": [11, 3, 10, 4], "texture": "#4"}, "up": {"uv": [11, 3, 10, 4], "texture": "#4"}, "down": {"uv": [11, 3, 10, 4], "texture": "#4"} } }, { "from": [2.75, 9, -0.525], "to": [3.25, 10.5, 1], "rotation": {"angle": 0, "axis": "y", "origin": [19.25, 0, 0]}, "faces": { "north": {"uv": [11, 3, 10, 4], "texture": "#4"}, "east": {"uv": [11, 3, 10, 4], "texture": "#4"}, "west": {"uv": [11, 3, 10, 4], "texture": "#4"}, "up": {"uv": [11, 3, 10, 4], "texture": "#4"}, "down": {"uv": [11, 3, 10, 4], "texture": "#4"} } }, { "from": [0.5, -0.5, -0.525], "to": [1, 0, 1], "faces": { "north": {"uv": [10, 3, 11, 4], "texture": "#4"}, "east": {"uv": [10, 3, 11, 4], "texture": "#4"}, "west": {"uv": [10, 3, 11, 4], "texture": "#4"}, "up": {"uv": [10, 3, 11, 4], "texture": "#4"}, "down": {"uv": [10, 3, 11, 4], "texture": "#4"} } }, { "from": [-0.025, 0, -0.525], "to": [0.5, 0.5, 1], "faces": { "north": {"uv": [10, 3, 11, 4], "texture": "#4"}, "east": {"uv": [10, 3, 11, 4], "texture": "#4"}, "west": {"uv": [10, 3, 11, 4], "texture": "#4"}, "up": {"uv": [10, 3, 11, 4], "texture": "#4"}, "down": {"uv": [10, 3, 11, 4], "texture": "#4"} } }, { "from": [-0.025, 1.5, -0.525], "to": [0.5, 2, 1], "faces": { "north": {"uv": [10, 3, 11, 4], "texture": "#4"}, "east": {"uv": [10, 3, 11, 4], "texture": "#4"}, "west": {"uv": [10, 3, 11, 4], "texture": "#4"}, "up": {"uv": [10, 3, 11, 4], "texture": "#4"}, "down": {"uv": [10, 3, 11, 4], "texture": "#4"} } }, { "from": [0.5, 1, -0.525], "to": [1, 1.5, 1], "faces": { "north": {"uv": [10, 3, 11, 4], "texture": "#4"}, "east": {"uv": [10, 3, 11, 4], "texture": "#4"}, "west": {"uv": [10, 3, 11, 4], "texture": "#4"}, "up": {"uv": [10, 3, 11, 4], "texture": "#4"}, "down": {"uv": [10, 3, 11, 4], "texture": "#4"} } }, { "from": [1, 0.5, -0.525], "to": [1.5, 1, 1], "faces": { "north": {"uv": [10, 3, 11, 4], "texture": "#4"}, "east": {"uv": [10, 3, 11, 4], "texture": "#4"}, "west": {"uv": [10, 3, 11, 4], "texture": "#4"}, "up": {"uv": [10, 3, 11, 4], "texture": "#4"}, "down": {"uv": [10, 3, 11, 4], "texture": "#4"} } }, { "from": [15, -0.5, -0.525], "to": [15.5, 0, 1], "rotation": {"angle": 0, "axis": "y", "origin": [16, 0, 0]}, "faces": { "north": {"uv": [11, 3, 10, 4], "texture": "#4"}, "east": {"uv": [11, 3, 10, 4], "texture": "#4"}, "west": {"uv": [11, 3, 10, 4], "texture": "#4"}, "up": {"uv": [11, 3, 10, 4], "texture": "#4"}, "down": {"uv": [11, 3, 10, 4], "texture": "#4"} } }, { "from": [15.5, 0, -0.525], "to": [16.025, 0.5, 1], "rotation": {"angle": 0, "axis": "y", "origin": [16, 0, 0]}, "faces": { "north": {"uv": [11, 3, 10, 4], "texture": "#4"}, "east": {"uv": [11, 3, 10, 4], "texture": "#4"}, "west": {"uv": [11, 3, 10, 4], "texture": "#4"}, "up": {"uv": [11, 3, 10, 4], "texture": "#4"}, "down": {"uv": [11, 3, 10, 4], "texture": "#4"} } }, { "from": [15.5, 1.5, -0.525], "to": [16.025, 2, 1], "rotation": {"angle": 0, "axis": "y", "origin": [16, 0, 0]}, "faces": { "north": {"uv": [11, 3, 10, 4], "texture": "#4"}, "east": {"uv": [11, 3, 10, 4], "texture": "#4"}, "west": {"uv": [11, 3, 10, 4], "texture": "#4"}, "up": {"uv": [11, 3, 10, 4], "texture": "#4"}, "down": {"uv": [11, 3, 10, 4], "texture": "#4"} } }, { "from": [15, 1, -0.525], "to": [15.5, 1.5, 1], "rotation": {"angle": 0, "axis": "y", "origin": [16, 0, 0]}, "faces": { "north": {"uv": [11, 3, 10, 4], "texture": "#4"}, "east": {"uv": [11, 3, 10, 4], "texture": "#4"}, "west": {"uv": [11, 3, 10, 4], "texture": "#4"}, "up": {"uv": [11, 3, 10, 4], "texture": "#4"}, "down": {"uv": [11, 3, 10, 4], "texture": "#4"} } }, { "from": [14.5, 0.5, -0.525], "to": [15, 1, 1], "rotation": {"angle": 0, "axis": "y", "origin": [16, 0, 0]}, "faces": { "north": {"uv": [11, 3, 10, 4], "texture": "#4"}, "east": {"uv": [11, 3, 10, 4], "texture": "#4"}, "west": {"uv": [11, 3, 10, 4], "texture": "#4"}, "up": {"uv": [11, 3, 10, 4], "texture": "#4"}, "down": {"uv": [11, 3, 10, 4], "texture": "#4"} } }, { "from": [10.25, 11.5, 0], "to": [16, 13.5, 1], "faces": { "north": {"uv": [11, 5, 12, 6], "texture": "#5"}, "east": {"uv": [11, 5, 12, 6], "texture": "#5"}, "south": {"uv": [11, 5, 12, 6], "texture": "#5"}, "up": {"uv": [11, 5, 12, 6], "texture": "#5"} } }, { "from": [10.75, 13.5, 0], "to": [15.5, 15.5, 1], "faces": { "north": {"uv": [11, 5, 12, 6], "texture": "#5"}, "east": {"uv": [11, 5, 12, 6], "texture": "#5"}, "south": {"uv": [11, 5, 12, 6], "texture": "#5"}, "up": {"uv": [11, 5, 12, 6], "texture": "#5"} } }, { "from": [11, 15.5, 0], "to": [15, 17, 1], "faces": { "north": {"uv": [11, 5, 12, 6], "texture": "#5"}, "east": {"uv": [11, 5, 12, 6], "texture": "#5"}, "south": {"uv": [11, 5, 12, 6], "texture": "#5"}, "up": {"uv": [11, 5, 12, 6], "texture": "#5"} } }, { "from": [12, 17, 0], "to": [14.5, 18, 1], "faces": { "north": {"uv": [11, 5, 12, 6], "texture": "#5"}, "east": {"uv": [11, 5, 12, 6], "texture": "#5"}, "south": {"uv": [11, 5, 12, 6], "texture": "#5"}, "up": {"uv": [11, 5, 12, 6], "texture": "#5"} } }, { "from": [12, 18, 0], "to": [14, 19, 1], "rotation": {"angle": 0, "axis": "y", "origin": [0, -0.5, 0]}, "faces": { "north": {"uv": [11, 5, 12, 6], "texture": "#5"}, "east": {"uv": [11, 5, 12, 6], "texture": "#5"}, "south": {"uv": [11, 5, 12, 6], "texture": "#5"}, "up": {"uv": [11, 5, 12, 6], "texture": "#5"} } }, { "from": [13, 19, 0], "to": [13.5, 19.5, 1], "rotation": {"angle": 0, "axis": "y", "origin": [0, -0.5, 0]}, "faces": { "north": {"uv": [11, 5, 12, 6], "texture": "#5"}, "east": {"uv": [11, 5, 12, 6], "texture": "#5"}, "south": {"uv": [11, 5, 12, 6], "texture": "#5"}, "up": {"uv": [11, 5, 12, 6], "texture": "#5"} } }, { "from": [12.5, 19, 0], "to": [13, 19.5, 1], "rotation": {"angle": 0, "axis": "y", "origin": [0, -0.5, 0]}, "faces": { "north": {"uv": [11, 5, 12, 6], "texture": "#5"}, "south": {"uv": [11, 5, 12, 6], "texture": "#5"}, "west": {"uv": [11, 5, 12, 6], "texture": "#5"}, "up": {"uv": [11, 5, 12, 6], "texture": "#5"} } }, { "from": [12, 18, 0], "to": [12.5, 19, 1], "rotation": {"angle": 0, "axis": "y", "origin": [0, -0.5, 0]}, "faces": { "west": {"uv": [11, 5, 12, 6], "texture": "#5"} } }, { "from": [11.5, 17, 0], "to": [12, 18, 1], "rotation": {"angle": 0, "axis": "y", "origin": [0, -0.75, 0]}, "faces": { "north": {"uv": [11, 5, 12, 6], "texture": "#5"}, "south": {"uv": [11, 5, 12, 6], "texture": "#5"}, "west": {"uv": [11, 5, 12, 6], "texture": "#5"}, "up": {"uv": [11, 5, 12, 6], "texture": "#5"} } }, { "from": [11, 16, 0], "to": [11.5, 17, 1], "rotation": {"angle": 0, "axis": "y", "origin": [0, -0.75, 0]}, "faces": { "west": {"uv": [11, 5, 12, 6], "texture": "#5"} } }, { "from": [10.5, 14.5, 0], "to": [11, 16, 1], "rotation": {"angle": 0, "axis": "y", "origin": [0, -0.75, 0]}, "faces": { "north": {"uv": [11, 5, 12, 6], "texture": "#5"}, "south": {"uv": [11, 5, 12, 6], "texture": "#5"}, "west": {"uv": [11, 5, 12, 6], "texture": "#5"}, "up": {"uv": [11, 5, 12, 6], "texture": "#5"} } }, { "from": [10, 13, 0], "to": [15.25, 14.5, 1], "rotation": {"angle": 0, "axis": "y", "origin": [0, -0.75, 0]}, "faces": { "north": {"uv": [11, 5, 12, 6], "texture": "#5"}, "south": {"uv": [11, 5, 12, 6], "texture": "#5"}, "west": {"uv": [11, 5, 12, 6], "texture": "#5"}, "up": {"uv": [11, 5, 12, 6], "texture": "#5"} } }, { "from": [0, 11.5, 0], "to": [5.75, 13.5, 1], "rotation": {"angle": 0, "axis": "y", "origin": [16, 0, 0]}, "faces": { "north": {"uv": [12, 5, 11, 6], "texture": "#5"}, "south": {"uv": [12, 5, 11, 6], "texture": "#5"}, "west": {"uv": [12, 5, 11, 6], "texture": "#5"}, "up": {"uv": [12, 5, 11, 6], "texture": "#5"} } }, { "from": [0.5, 13.5, 0], "to": [5.25, 15.5, 1], "rotation": {"angle": 0, "axis": "y", "origin": [16, 0, 0]}, "faces": { "north": {"uv": [12, 5, 11, 6], "texture": "#5"}, "south": {"uv": [12, 5, 11, 6], "texture": "#5"}, "west": {"uv": [12, 5, 11, 6], "texture": "#5"}, "up": {"uv": [12, 5, 11, 6], "texture": "#5"} } }, { "from": [1, 15.5, 0], "to": [5, 17, 1], "rotation": {"angle": 0, "axis": "y", "origin": [16, 0, 0]}, "faces": { "north": {"uv": [12, 5, 11, 6], "texture": "#5"}, "south": {"uv": [12, 5, 11, 6], "texture": "#5"}, "west": {"uv": [12, 5, 11, 6], "texture": "#5"}, "up": {"uv": [12, 5, 11, 6], "texture": "#5"} } }, { "from": [1.5, 17, 0], "to": [4, 18, 1], "rotation": {"angle": 0, "axis": "y", "origin": [16, 0, 0]}, "faces": { "north": {"uv": [12, 5, 11, 6], "texture": "#5"}, "south": {"uv": [12, 5, 11, 6], "texture": "#5"}, "west": {"uv": [12, 5, 11, 6], "texture": "#5"}, "up": {"uv": [12, 5, 11, 6], "texture": "#5"} } }, { "from": [2, 18, 0], "to": [4, 19, 1], "rotation": {"angle": 0, "axis": "y", "origin": [16, -0.5, 0]}, "faces": { "north": {"uv": [12, 5, 11, 6], "texture": "#5"}, "south": {"uv": [12, 5, 11, 6], "texture": "#5"}, "west": {"uv": [12, 5, 11, 6], "texture": "#5"}, "up": {"uv": [12, 5, 11, 6], "texture": "#5"} } }, { "from": [2.5, 19, 0], "to": [3, 19.5, 1], "rotation": {"angle": 0, "axis": "y", "origin": [16, -0.5, 0]}, "faces": { "north": {"uv": [12, 5, 11, 6], "texture": "#5"}, "south": {"uv": [12, 5, 11, 6], "texture": "#5"}, "west": {"uv": [12, 5, 11, 6], "texture": "#5"}, "up": {"uv": [12, 5, 11, 6], "texture": "#5"} } }, { "from": [3, 19, 0], "to": [3.5, 19.5, 1], "rotation": {"angle": 0, "axis": "y", "origin": [16, -0.5, 0]}, "faces": { "north": {"uv": [12, 5, 11, 6], "texture": "#5"}, "east": {"uv": [12, 5, 11, 6], "texture": "#5"}, "south": {"uv": [12, 5, 11, 6], "texture": "#5"}, "up": {"uv": [12, 5, 11, 6], "texture": "#5"} } }, { "from": [3.5, 18, 0], "to": [4, 19, 1], "rotation": {"angle": 0, "axis": "y", "origin": [16, -0.5, 0]}, "faces": { "east": {"uv": [12, 5, 11, 6], "texture": "#5"} } }, { "from": [4, 17, 0], "to": [4.5, 18, 1], "rotation": {"angle": 0, "axis": "y", "origin": [16, -0.75, 0]}, "faces": { "north": {"uv": [12, 5, 11, 6], "texture": "#5"}, "east": {"uv": [12, 5, 11, 6], "texture": "#5"}, "south": {"uv": [12, 5, 11, 6], "texture": "#5"}, "up": {"uv": [12, 5, 11, 6], "texture": "#5"} } }, { "from": [4.5, 16, 0], "to": [5, 17, 1], "rotation": {"angle": 0, "axis": "y", "origin": [16, -0.75, 0]}, "faces": { "east": {"uv": [12, 5, 11, 6], "texture": "#5"} } }, { "from": [5, 14.5, 0], "to": [5.5, 16, 1], "rotation": {"angle": 0, "axis": "y", "origin": [16, -0.75, 0]}, "faces": { "north": {"uv": [12, 5, 11, 6], "texture": "#5"}, "east": {"uv": [12, 5, 11, 6], "texture": "#5"}, "south": {"uv": [12, 5, 11, 6], "texture": "#5"}, "up": {"uv": [12, 5, 11, 6], "texture": "#5"} } }, { "from": [0.75, 13, 0], "to": [6, 14.5, 1], "rotation": {"angle": 0, "axis": "y", "origin": [16, -0.75, 0]}, "faces": { "north": {"uv": [12, 5, 11, 6], "texture": "#5"}, "east": {"uv": [12, 5, 11, 6], "texture": "#5"}, "south": {"uv": [12, 5, 11, 6], "texture": "#5"}, "up": {"uv": [12, 5, 11, 6], "texture": "#5"} } }, { "from": [15, 11.5, -0.025], "to": [15.5, 13.5, 0], "faces": { "north": {"uv": [11, 5, 12, 6], "texture": "#4"}, "east": {"uv": [11, 5, 12, 6], "texture": "#4"}, "west": {"uv": [11, 5, 12, 6], "texture": "#4"}, "up": {"uv": [11, 5, 12, 6], "texture": "#4"} } }, { "from": [14.5, 13.5, -0.025], "to": [15, 15.5, 0], "faces": { "north": {"uv": [11, 5, 12, 6], "texture": "#4"}, "east": {"uv": [11, 5, 12, 6], "texture": "#4"}, "west": {"uv": [11, 5, 12, 6], "texture": "#4"}, "up": {"uv": [11, 5, 12, 6], "texture": "#4"}, "down": {"uv": [11, 5, 12, 6], "texture": "#4"} } }, { "from": [11, 14.5, -0.025], "to": [11.5, 16, 0], "faces": { "north": {"uv": [11, 5, 12, 6], "texture": "#4"}, "east": {"uv": [11, 5, 12, 6], "texture": "#4"}, "west": {"uv": [11, 5, 12, 6], "texture": "#4"}, "up": {"uv": [11, 5, 12, 6], "texture": "#4"}, "down": {"uv": [11, 5, 12, 6], "texture": "#4"} } }, { "from": [10.5, 12.5, -0.025], "to": [11, 14.5, 0], "faces": { "north": {"uv": [11, 5, 12, 6], "texture": "#4"}, "east": {"uv": [11, 5, 12, 6], "texture": "#4"}, "west": {"uv": [11, 5, 12, 6], "texture": "#4"}, "up": {"uv": [11, 5, 12, 6], "texture": "#4"} } }, { "from": [13.5, 17, -0.025], "to": [14, 18, 0], "faces": { "north": {"uv": [11, 5, 12, 6], "texture": "#4"}, "east": {"uv": [11, 5, 12, 6], "texture": "#4"}, "west": {"uv": [11, 5, 12, 6], "texture": "#4"}, "up": {"uv": [11, 5, 12, 6], "texture": "#4"}, "down": {"uv": [11, 5, 12, 6], "texture": "#4"} } }, { "from": [12, 17, -0.025], "to": [12.5, 18, 0], "faces": { "north": {"uv": [11, 5, 12, 6], "texture": "#4"}, "east": {"uv": [11, 5, 12, 6], "texture": "#4"}, "west": {"uv": [11, 5, 12, 6], "texture": "#4"}, "up": {"uv": [11, 5, 12, 6], "texture": "#4"}, "down": {"uv": [11, 5, 12, 6], "texture": "#4"} } }, { "from": [12.5, 15.5, -0.025], "to": [13.5, 16.5, 0], "faces": { "north": {"uv": [11, 5, 12, 6], "texture": "#4"}, "east": {"uv": [11, 5, 12, 6], "texture": "#4"}, "west": {"uv": [11, 5, 12, 6], "texture": "#4"}, "up": {"uv": [11, 5, 12, 6], "texture": "#4"}, "down": {"uv": [11, 5, 12, 6], "texture": "#4"} } }, { "from": [13.5, 13, -0.025], "to": [14, 14.5, 0], "faces": { "north": {"uv": [11, 5, 12, 6], "texture": "#4"}, "east": {"uv": [11, 5, 12, 6], "texture": "#4"}, "west": {"uv": [11, 5, 12, 6], "texture": "#4"}, "up": {"uv": [11, 5, 12, 6], "texture": "#4"}, "down": {"uv": [11, 5, 12, 6], "texture": "#4"} } }, { "from": [14, 14.5, -0.025], "to": [14.5, 17, 0], "faces": { "north": {"uv": [11, 5, 12, 6], "texture": "#4"}, "east": {"uv": [11, 5, 12, 6], "texture": "#4"}, "west": {"uv": [11, 5, 12, 6], "texture": "#4"}, "up": {"uv": [11, 5, 12, 6], "texture": "#4"}, "down": {"uv": [11, 5, 12, 6], "texture": "#4"} } }, { "from": [12, 13, -0.025], "to": [12.5, 15, 0], "faces": { "north": {"uv": [11, 5, 12, 6], "texture": "#4"}, "east": {"uv": [11, 5, 12, 6], "texture": "#4"}, "west": {"uv": [11, 5, 12, 6], "texture": "#4"}, "up": {"uv": [11, 5, 12, 6], "texture": "#4"}, "down": {"uv": [11, 5, 12, 6], "texture": "#4"} } }, { "from": [11.5, 15, -0.025], "to": [12, 17, 0], "faces": { "north": {"uv": [11, 5, 12, 6], "texture": "#4"}, "east": {"uv": [11, 5, 12, 6], "texture": "#4"}, "west": {"uv": [11, 5, 12, 6], "texture": "#4"}, "up": {"uv": [11, 5, 12, 6], "texture": "#4"}, "down": {"uv": [11, 5, 12, 6], "texture": "#4"} } }, { "from": [12.5, 11.5, -0.025], "to": [13.5, 13, 0], "faces": { "north": {"uv": [11, 5, 12, 6], "texture": "#4"}, "east": {"uv": [11, 5, 12, 6], "texture": "#4"}, "west": {"uv": [11, 5, 12, 6], "texture": "#4"}, "up": {"uv": [11, 5, 12, 6], "texture": "#4"} } }, { "from": [12.5, 18, -0.025], "to": [13.5, 19, 0], "faces": { "north": {"uv": [11, 5, 12, 6], "texture": "#4"}, "east": {"uv": [11, 5, 12, 6], "texture": "#4"}, "west": {"uv": [11, 5, 12, 6], "texture": "#4"}, "up": {"uv": [11, 5, 12, 6], "texture": "#4"}, "down": {"uv": [11, 5, 12, 6], "texture": "#4"} } }, { "from": [0.5, 11.5, -0.025], "to": [1, 13.5, 0], "rotation": {"angle": 0, "axis": "y", "origin": [16, 0, 0]}, "faces": { "north": {"uv": [12, 5, 11, 6], "texture": "#4"}, "east": {"uv": [12, 5, 11, 6], "texture": "#4"}, "west": {"uv": [12, 5, 11, 6], "texture": "#4"}, "up": {"uv": [12, 5, 11, 6], "texture": "#4"} } }, { "from": [1, 13.5, -0.025], "to": [1.5, 15.5, 0], "rotation": {"angle": 0, "axis": "y", "origin": [16, 0, 0]}, "faces": { "north": {"uv": [12, 5, 11, 6], "texture": "#4"}, "east": {"uv": [12, 5, 11, 6], "texture": "#4"}, "west": {"uv": [12, 5, 11, 6], "texture": "#4"}, "up": {"uv": [12, 5, 11, 6], "texture": "#4"}, "down": {"uv": [12, 5, 11, 6], "texture": "#4"} } }, { "from": [4.5, 14.5, -0.025], "to": [5, 16, 0], "rotation": {"angle": 0, "axis": "y", "origin": [16, 0, 0]}, "faces": { "north": {"uv": [12, 5, 11, 6], "texture": "#4"}, "east": {"uv": [12, 5, 11, 6], "texture": "#4"}, "west": {"uv": [12, 5, 11, 6], "texture": "#4"}, "up": {"uv": [12, 5, 11, 6], "texture": "#4"}, "down": {"uv": [12, 5, 11, 6], "texture": "#4"} } }, { "from": [5, 12.5, -0.025], "to": [5.5, 14.5, 0], "rotation": {"angle": 0, "axis": "y", "origin": [16, 0, 0]}, "faces": { "north": {"uv": [12, 5, 11, 6], "texture": "#4"}, "east": {"uv": [12, 5, 11, 6], "texture": "#4"}, "west": {"uv": [12, 5, 11, 6], "texture": "#4"}, "up": {"uv": [12, 5, 11, 6], "texture": "#4"} } }, { "from": [2, 17, -0.025], "to": [2.5, 18, 0], "rotation": {"angle": 0, "axis": "y", "origin": [16, 0, 0]}, "faces": { "north": {"uv": [12, 5, 11, 6], "texture": "#4"}, "east": {"uv": [12, 5, 11, 6], "texture": "#4"}, "west": {"uv": [12, 5, 11, 6], "texture": "#4"}, "up": {"uv": [12, 5, 11, 6], "texture": "#4"}, "down": {"uv": [12, 5, 11, 6], "texture": "#4"} } }, { "from": [3.5, 17, -0.025], "to": [4, 18, 0], "rotation": {"angle": 0, "axis": "y", "origin": [16, 0, 0]}, "faces": { "north": {"uv": [12, 5, 11, 6], "texture": "#4"}, "east": {"uv": [12, 5, 11, 6], "texture": "#4"}, "west": {"uv": [12, 5, 11, 6], "texture": "#4"}, "up": {"uv": [12, 5, 11, 6], "texture": "#4"}, "down": {"uv": [12, 5, 11, 6], "texture": "#4"} } }, { "from": [2.5, 15.5, -0.025], "to": [3.5, 16.5, 0], "rotation": {"angle": 0, "axis": "y", "origin": [16, 0, 0]}, "faces": { "north": {"uv": [12, 5, 11, 6], "texture": "#4"}, "east": {"uv": [12, 5, 11, 6], "texture": "#4"}, "west": {"uv": [12, 5, 11, 6], "texture": "#4"}, "up": {"uv": [12, 5, 11, 6], "texture": "#4"}, "down": {"uv": [12, 5, 11, 6], "texture": "#4"} } }, { "from": [2, 13, -0.025], "to": [2.5, 14.5, 0], "rotation": {"angle": 0, "axis": "y", "origin": [16, 0, 0]}, "faces": { "north": {"uv": [12, 5, 11, 6], "texture": "#4"}, "east": {"uv": [12, 5, 11, 6], "texture": "#4"}, "west": {"uv": [12, 5, 11, 6], "texture": "#4"}, "up": {"uv": [12, 5, 11, 6], "texture": "#4"}, "down": {"uv": [12, 5, 11, 6], "texture": "#4"} } }, { "from": [1.5, 14.5, -0.025], "to": [2, 17, 0], "rotation": {"angle": 0, "axis": "y", "origin": [16, 0, 0]}, "faces": { "north": {"uv": [12, 5, 11, 6], "texture": "#4"}, "east": {"uv": [12, 5, 11, 6], "texture": "#4"}, "west": {"uv": [12, 5, 11, 6], "texture": "#4"}, "up": {"uv": [12, 5, 11, 6], "texture": "#4"}, "down": {"uv": [12, 5, 11, 6], "texture": "#4"} } }, { "from": [3.5, 13, -0.025], "to": [4, 15, 0], "rotation": {"angle": 0, "axis": "y", "origin": [16, 0, 0]}, "faces": { "north": {"uv": [12, 5, 11, 6], "texture": "#4"}, "east": {"uv": [12, 5, 11, 6], "texture": "#4"}, "west": {"uv": [12, 5, 11, 6], "texture": "#4"}, "up": {"uv": [12, 5, 11, 6], "texture": "#4"}, "down": {"uv": [12, 5, 11, 6], "texture": "#4"} } }, { "from": [4, 15, -0.025], "to": [4.5, 17, 0], "rotation": {"angle": 0, "axis": "y", "origin": [16, 0, 0]}, "faces": { "north": {"uv": [12, 5, 11, 6], "texture": "#4"}, "east": {"uv": [12, 5, 11, 6], "texture": "#4"}, "west": {"uv": [12, 5, 11, 6], "texture": "#4"}, "up": {"uv": [12, 5, 11, 6], "texture": "#4"}, "down": {"uv": [12, 5, 11, 6], "texture": "#4"} } }, { "from": [2.5, 11.5, -0.025], "to": [3.5, 13, 0], "rotation": {"angle": 0, "axis": "y", "origin": [16, 0, 0]}, "faces": { "north": {"uv": [12, 5, 11, 6], "texture": "#4"}, "east": {"uv": [12, 5, 11, 6], "texture": "#4"}, "west": {"uv": [12, 5, 11, 6], "texture": "#4"}, "up": {"uv": [12, 5, 11, 6], "texture": "#4"} } }, { "from": [2.5, 18, -0.025], "to": [3.5, 19, 0], "rotation": {"angle": 0, "axis": "y", "origin": [16, 0, 0]}, "faces": { "north": {"uv": [12, 5, 11, 6], "texture": "#4"}, "east": {"uv": [12, 5, 11, 6], "texture": "#4"}, "west": {"uv": [12, 5, 11, 6], "texture": "#4"}, "up": {"uv": [12, 5, 11, 6], "texture": "#4"}, "down": {"uv": [12, 5, 11, 6], "texture": "#4"} } } ], "display": { "thirdperson_righthand": { "rotation": [89, 0, 0], "translation": [0, -1.5, 1], "scale": [0.23, 0.23, 0.23] }, "thirdperson_lefthand": { "rotation": [89, -90, 0], "translation": [0, -2, 12], "scale": [0.25, 0.25, 0.25] }, "firstperson_righthand": { "rotation": [0, 108, 0], "translation": [1.5, 5.5, 0], "scale": [0.38, 0.38, 0.38] }, "firstperson_lefthand": { "rotation": [0, 108, 0], "translation": [1.5, 5.5, 0], "scale": [0.38, 0.38, 0.38] }, "ground": { "rotation": [33, 0, 0], "translation": [0, 0.75, 0], "scale": [0.44, 0.44, 0.44] }, "gui": { "rotation": [-27, 165, 29], "translation": [1, 0, 0], "scale": [0.53, 0.53, 0.53] }, "head": { "translation": [0, 3, -1.75], "scale": [0.77, 0.77, 0.77] } }, "groups": [ { "name": "group", "origin": [8, 8, 8], "color": 0, "children": [0, 1, 2, 3, 4, 5, 6] }, { "name": "group", "origin": [0, 0, 0], "color": 0, "children": [7, 8, 9, 10, 11, 12] }, { "name": "group", "origin": [8, 8, 8], "color": 0, "children": [13, 14, 15, 16, 17, 18, 19, 20] }, { "name": "group", "origin": [0, 0, 0], "color": 0, "children": [21, 22, 23, 24, 25, 26, 27, 28] }, { "name": "group", "origin": [8, 8, 8], "color": 0, "children": [] }, { "name": "group", "origin": [8, 8, 8], "color": 0, "children": [29, 30, 31, 32, 33, 34, 35, 36, 37, 38, 39, 40, 41, 42, 43] }, { "name": "group", "origin": [8, 8, 8], "color": 0, "children": [44, 45, 46, 47] }, { "name": "group", "origin": [8, 8, 8], "color": 0, "children": [] }, { "name": "group", "origin": [8, 8, 8], "color": 0, "children": [48, 49, 50] }, { "name": "group", "origin": [8, 8, 8], "color": 0, "children": [ 51, 52, 53, 54, 55, { "name": "group", "origin": [8, 8, 8], "color": 0, "children": [56, 57, 58, 59, 60] } ] }, { "name": "group", "origin": [8, 8, 8], "color": 0, "children": [61, 62, 63, 64] }, { "name": "group", "origin": [8, 8, 8], "color": 0, "children": [65] }, { "name": "group", "origin": [8, 8, 8], "color": 0, "children": [66] }, { "name": "group", "origin": [8, 8, 8], "color": 0, "children": [] }, { "name": "group", "origin": [8, 8, 8], "color": 0, "children": [] }, { "name": "group", "origin": [8, 8, 8], "color": 0, "children": [] }, { "name": "group", "origin": [8, 8, 8], "color": 0, "children": [67, 68, 69, 70, 71, 72, 73, 74, 75, 76, 77, 78, 79, 80, 81, 82, 83] }, { "name": "group", "origin": [8, 8, 8], "color": 0, "children": [ 84, 85, 86, 87, { "name": "group", "origin": [8, 8, 8], "color": 0, "children": [88, 89, 90, 91] } ] }, { "name": "group", "origin": [8, 8, 8], "color": 0, "children": [] }, { "name": "group", "origin": [8, 8, 8], "color": 0, "children": [ { "name": "group", "origin": [-5.5, 3.5, 0], "color": 0, "children": [] } ] }, { "name": "group", "origin": [8, 8, 8], "color": 0, "children": [] }, { "name": "group", "origin": [8, 8, 8], "color": 0, "children": [ { "name": "group", "origin": [8, 8, 8], "color": 0, "children": [92, 93, 94, 95, 96] }, 97, 98, 99, 100, 101 ] }, { "name": "group", "origin": [8, 8, 8], "color": 0, "children": [102, 103, 104, 105, 106, 107, 108, 109, 110, 111, 112, 113] }, { "name": "group", "origin": [8, 8, 8], "color": 0, "children": [114, 115, 116, 117, 118, 119, 120, 121, 122, 123, 124, 125] }, { "name": "group", "origin": [8, 8, 8], "color": 0, "children": [126, 127, 128, 129, 130, 131, 132, 133, 134, 135, 136, 137, 138] }, { "name": "group", "origin": [8, 8, 8], "color": 0, "children": [139, 140, 141, 142, 143, 144, 145, 146, 147, 148, 149, 150, 151] } ] }