{ "credit": "Made with Blockbench", "textures": { "4": "block/black_concrete_powder", "5": "block/gray_concrete_powder", "6": "block/iron_block", "7": "block/red_concrete_powder" }, "elements": [ { "from": [12.5, -2, -0.5], "to": [13, -1, 1], "faces": { "north": {"uv": [4, 5, 5, 6], "texture": "#4"}, "east": {"uv": [4, 5, 5, 6], "texture": "#4"}, "west": {"uv": [4, 5, 5, 6], "texture": "#4"}, "up": {"uv": [4, 5, 5, 6], "texture": "#4"} } }, { "from": [3, -2, -0.5], "to": [3.5, -1, 1], "rotation": {"angle": 0, "axis": "y", "origin": [16, 0, 0]}, "faces": { "north": {"uv": [4, 5, 3, 6], "texture": "#4"}, "east": {"uv": [4, 5, 3, 6], "texture": "#4"}, "west": {"uv": [4, 5, 3, 6], "texture": "#4"}, "up": {"uv": [4, 5, 3, 6], "texture": "#4"} } }, { "from": [13.25, -1.5, -0.5], "to": [13.75, -0.5, 1], "faces": { "north": {"uv": [4, 5, 5, 6], "texture": "#4"}, "east": {"uv": [4, 5, 5, 6], "texture": "#4"}, "west": {"uv": [4, 5, 5, 6], "texture": "#4"}, "up": {"uv": [4, 5, 5, 6], "texture": "#4"}, "down": {"uv": [4, 5, 5, 6], "texture": "#4"} } }, { "from": [2.25, -1.5, -0.5], "to": [2.75, -0.5, 1], "rotation": {"angle": 0, "axis": "y", "origin": [16, 0, 0]}, "faces": { "north": {"uv": [4, 5, 3, 6], "texture": "#4"}, "east": {"uv": [4, 5, 3, 6], "texture": "#4"}, "west": {"uv": [4, 5, 3, 6], "texture": "#4"}, "up": {"uv": [4, 5, 3, 6], "texture": "#4"}, "down": {"uv": [4, 5, 3, 6], "texture": "#4"} } }, { "from": [11.5, -2, -0.5], "to": [12, -1, 1], "faces": { "north": {"uv": [13, 0, 12, 1], "texture": "#5"}, "east": {"uv": [13, 0, 12, 1], "texture": "#5"}, "west": {"uv": [13, 0, 12, 1], "texture": "#5"}, "down": {"uv": [13, 0, 12, 1], "texture": "#5"} } }, { "from": [4, -2, -0.5], "to": [4.5, -1, 1], "rotation": {"angle": 0, "axis": "y", "origin": [16, 0, 0]}, "faces": { "north": {"uv": [4, 5, 3, 6], "texture": "#4"}, "east": {"uv": [4, 5, 3, 6], "texture": "#4"}, "west": {"uv": [4, 5, 3, 6], "texture": "#4"}, "down": {"uv": [4, 5, 3, 6], "texture": "#4"} } }, { "from": [10.5, -2.5, -0.5], "to": [11, -1.5, 1], "faces": { "north": {"uv": [13, 0, 12, 1], "texture": "#5"}, "east": {"uv": [13, 0, 12, 1], "texture": "#5"}, "west": {"uv": [13, 0, 12, 1], "texture": "#5"}, "up": {"uv": [13, 0, 12, 1], "texture": "#5"} } }, { "from": [5, -2.5, -0.5], "to": [5.5, -1.5, 1], "rotation": {"angle": 0, "axis": "y", "origin": [16, 0, 0]}, "faces": { "north": {"uv": [13, 0, 12, 1], "texture": "#5"}, "east": {"uv": [13, 0, 12, 1], "texture": "#5"}, "west": {"uv": [13, 0, 12, 1], "texture": "#5"}, "up": {"uv": [13, 0, 12, 1], "texture": "#5"} } }, { "from": [9.5, -2.5, -0.5], "to": [10, -1.5, 1], "faces": { "north": {"uv": [4, 5, 5, 6], "texture": "#4"}, "east": {"uv": [4, 5, 5, 6], "texture": "#4"}, "west": {"uv": [4, 5, 5, 6], "texture": "#4"}, "down": {"uv": [4, 5, 5, 6], "texture": "#4"} } }, { "from": [6, -2.5, -0.5], "to": [6.5, -1.5, 1], "rotation": {"angle": 0, "axis": "y", "origin": [16, 0, 0]}, "faces": { "north": {"uv": [13, 0, 12, 1], "texture": "#5"}, "east": {"uv": [13, 0, 12, 1], "texture": "#5"}, "west": {"uv": [13, 0, 12, 1], "texture": "#5"}, "down": {"uv": [13, 0, 12, 1], "texture": "#5"} } }, { "from": [8.5, -3, -0.5], "to": [9, -2, 1], "faces": { "north": {"uv": [4, 5, 5, 6], "texture": "#4"}, "east": {"uv": [4, 5, 5, 6], "texture": "#4"}, "west": {"uv": [4, 5, 5, 6], "texture": "#4"}, "up": {"uv": [4, 5, 5, 6], "texture": "#4"} } }, { "from": [7.75, -2.5, -0.5], "to": [8.25, -1.5, 1], "faces": { "north": {"uv": [4, 5, 5, 6], "texture": "#4"}, "east": {"uv": [4, 5, 5, 6], "texture": "#4"}, "west": {"uv": [4, 5, 5, 6], "texture": "#4"}, "down": {"uv": [4, 5, 5, 6], "texture": "#4"} } }, { "from": [7, -3, -0.5], "to": [7.5, -2, 1], "rotation": {"angle": 0, "axis": "y", "origin": [16, 0, 0]}, "faces": { "north": {"uv": [13, 0, 12, 1], "texture": "#5"}, "east": {"uv": [13, 0, 12, 1], "texture": "#5"}, "west": {"uv": [13, 0, 12, 1], "texture": "#5"}, "up": {"uv": [13, 0, 12, 1], "texture": "#5"} } }, { "from": [14.5, 3.5, -0.5], "to": [16, 4, 1], "faces": { "north": {"uv": [15, 8, 16, 9], "texture": "#4"}, "east": {"uv": [15, 8, 16, 9], "texture": "#4"}, "west": {"uv": [15, 8, 16, 9], "texture": "#4"}, "up": {"uv": [15, 8, 16, 9], "texture": "#4"} } }, { "from": [15, 4, -0.5], "to": [16, 5.5, 1], "faces": { "north": {"uv": [15, 8, 16, 9], "texture": "#4"}, "east": {"uv": [15, 8, 16, 9], "texture": "#4"}, "west": {"uv": [15, 8, 16, 9], "texture": "#4"} } }, { "from": [14.5, 5.5, -0.5], "to": [16, 6, 1], "faces": { "north": {"uv": [15, 8, 16, 9], "texture": "#4"}, "east": {"uv": [15, 8, 16, 9], "texture": "#4"}, "west": {"uv": [15, 8, 16, 9], "texture": "#4"}, "down": {"uv": [15, 8, 16, 9], "texture": "#4"} } }, { "from": [0, 6, -0.5], "to": [16, 10.5, 1], "faces": { "north": {"uv": [15, 8, 16, 9], "texture": "#4"}, "east": {"uv": [15, 8, 16, 9], "texture": "#4"}, "west": {"uv": [15, 8, 16, 9], "texture": "#4"}, "up": {"uv": [15, 8, 16, 9], "texture": "#4"}, "down": {"uv": [15, 8, 16, 9], "texture": "#4"} } }, { "from": [0.5, 10.5, -0.5], "to": [15.5, 11.5, 1], "faces": { "north": {"uv": [15, 8, 16, 9], "texture": "#4"}, "east": {"uv": [15, 8, 16, 9], "texture": "#4"}, "west": {"uv": [15, 8, 16, 9], "texture": "#4"}, "up": {"uv": [15, 8, 16, 9], "texture": "#4"} } }, { "from": [1.5, 11.5, -0.5], "to": [14.5, 12, 1], "rotation": {"angle": 0, "axis": "y", "origin": [0, 16, 0]}, "faces": { "north": {"uv": [15, 8, 16, 9], "texture": "#4"}, "east": {"uv": [15, 8, 16, 9], "texture": "#4"}, "west": {"uv": [15, 8, 16, 9], "texture": "#4"}, "up": {"uv": [15, 8, 16, 9], "texture": "#4"} } }, { "from": [3, 10.5, 0], "to": [13, 13, 1], "rotation": {"angle": 0, "axis": "y", "origin": [0, 16, 0]}, "faces": { "north": {"uv": [11, 8, 12, 9], "texture": "#4"}, "east": {"uv": [11, 8, 12, 9], "texture": "#4"}, "west": {"uv": [11, 8, 12, 9], "texture": "#4"}, "up": {"uv": [11, 8, 12, 9], "texture": "#4"} } }, { "from": [3, 12, -0.5], "to": [13, 12.5, 1], "rotation": {"angle": 0, "axis": "y", "origin": [0, 16, 0]}, "faces": { "north": {"uv": [15, 8, 16, 9], "texture": "#4"}, "east": {"uv": [15, 8, 16, 9], "texture": "#4"}, "west": {"uv": [15, 8, 16, 9], "texture": "#4"}, "up": {"uv": [15, 8, 16, 9], "texture": "#4"} } }, { "from": [5.5, 5, -0.5], "to": [10.5, 6, 1], "faces": { "north": {"uv": [15, 8, 16, 9], "texture": "#4"}, "west": {"uv": [15, 8, 16, 9], "texture": "#4"}, "down": {"uv": [15, 8, 16, 9], "texture": "#4"} } }, { "from": [7, 3.5, -0.5], "to": [9, 5.5, 1], "faces": { "north": {"uv": [15, 8, 16, 9], "texture": "#4"}, "east": {"uv": [15, 8, 16, 9], "texture": "#4"}, "west": {"uv": [15, 8, 16, 9], "texture": "#4"} } }, { "from": [6.5, 4.5, -0.5], "to": [9.5, 5.5, 1], "faces": { "north": {"uv": [15, 8, 16, 9], "texture": "#4"}, "east": {"uv": [15, 8, 16, 9], "texture": "#4"}, "west": {"uv": [15, 8, 16, 9], "texture": "#4"}, "down": {"uv": [15, 8, 16, 9], "texture": "#4"} } }, { "from": [6.5, 3.5, -0.5], "to": [9.5, 4, 1], "faces": { "north": {"uv": [15, 8, 16, 9], "texture": "#4"}, "east": {"uv": [15, 8, 16, 9], "texture": "#4"}, "west": {"uv": [15, 8, 16, 9], "texture": "#4"}, "up": {"uv": [15, 8, 16, 9], "texture": "#4"} } }, { "from": [0, 2.25, -0.5], "to": [16, 3.5, 1], "faces": { "north": {"uv": [15, 8, 16, 9], "texture": "#4"}, "east": {"uv": [15, 8, 16, 9], "texture": "#4"}, "west": {"uv": [15, 8, 16, 9], "texture": "#4"}, "up": {"uv": [15, 8, 16, 9], "texture": "#4"}, "down": {"uv": [15, 8, 16, 9], "texture": "#4"} } }, { "from": [9, 0.25, -0.5], "to": [16, 1.75, 1], "faces": { "north": {"uv": [15, 8, 16, 9], "texture": "#4"}, "east": {"uv": [15, 8, 16, 9], "texture": "#4"}, "west": {"uv": [15, 8, 16, 9], "texture": "#4"}, "down": {"uv": [15, 8, 16, 9], "texture": "#4"} } }, { "from": [8.5, 1.75, -0.5], "to": [16, 2.25, 1], "faces": { "north": {"uv": [15, 8, 16, 9], "texture": "#4"}, "east": {"uv": [15, 8, 16, 9], "texture": "#4"}, "west": {"uv": [15, 8, 16, 9], "texture": "#4"}, "down": {"uv": [15, 8, 16, 9], "texture": "#4"} } }, { "from": [14, -0.5, -0.5], "to": [16, 0.75, 1], "faces": { "north": {"uv": [15, 8, 16, 9], "texture": "#4"}, "east": {"uv": [15, 8, 16, 9], "texture": "#4"}, "west": {"uv": [15, 8, 16, 9], "texture": "#4"} } }, { "from": [14, -2.5, -0.5], "to": [16, -0.5, 1], "faces": { "north": {"uv": [15, 8, 16, 9], "texture": "#4"}, "east": {"uv": [15, 8, 16, 9], "texture": "#4"}, "west": {"uv": [15, 8, 16, 9], "texture": "#4"} } }, { "from": [13.5, -2.5, -0.5], "to": [16, -1.5, 1], "faces": { "north": {"uv": [15, 8, 16, 9], "texture": "#4"}, "west": {"uv": [15, 8, 16, 9], "texture": "#4"}, "up": {"uv": [15, 8, 16, 9], "texture": "#4"} } }, { "from": [10.5, -3.5, -0.5], "to": [15.5, -2.5, 1], "faces": { "north": {"uv": [15, 8, 16, 9], "texture": "#4"}, "east": {"uv": [15, 8, 16, 9], "texture": "#4"}, "west": {"uv": [15, 8, 16, 9], "texture": "#4"}, "up": {"uv": [15, 8, 16, 9], "texture": "#4"} } }, { "from": [12.5, -2.5, -0.5], "to": [16, -2, 1], "faces": { "north": {"uv": [15, 8, 16, 9], "texture": "#4"}, "west": {"uv": [15, 8, 16, 9], "texture": "#4"}, "up": {"uv": [15, 8, 16, 9], "texture": "#4"}, "down": {"uv": [15, 8, 16, 9], "texture": "#4"} } }, { "from": [1.5, -4, -0.5], "to": [14.5, -3.5, 1], "faces": { "north": {"uv": [15, 8, 16, 9], "texture": "#4"}, "east": {"uv": [15, 8, 16, 9], "texture": "#4"}, "west": {"uv": [15, 8, 16, 9], "texture": "#4"}, "down": {"uv": [15, 8, 16, 9], "texture": "#4"} } }, { "from": [0.5, -3.5, -0.5], "to": [15.5, -3, 1], "faces": { "north": {"uv": [15, 8, 16, 9], "texture": "#4"}, "up": {"uv": [15, 8, 16, 9], "texture": "#4"}, "down": {"uv": [15, 8, 16, 9], "texture": "#4"} } }, { "from": [3, -4.5, -0.5], "to": [13, -4, 1], "faces": { "north": {"uv": [15, 8, 16, 9], "texture": "#4"}, "east": {"uv": [15, 8, 16, 9], "texture": "#4"}, "west": {"uv": [15, 8, 16, 9], "texture": "#4"}, "down": {"uv": [15, 8, 16, 9], "texture": "#4"} } }, { "from": [0.5, -3.5, -0.5], "to": [5.5, -2.5, 1], "rotation": {"angle": 0, "axis": "y", "origin": [16, 0, 0]}, "faces": { "north": {"uv": [15, 8, 16, 9], "texture": "#4"}, "east": {"uv": [15, 8, 16, 9], "texture": "#4"}, "west": {"uv": [15, 8, 16, 9], "texture": "#4"}, "up": {"uv": [15, 8, 16, 9], "texture": "#4"} } }, { "from": [0, -2.5, -0.5], "to": [2, -0.5, 1], "rotation": {"angle": 0, "axis": "y", "origin": [16, 0, 0]}, "faces": { "north": {"uv": [15, 8, 16, 9], "texture": "#4"}, "east": {"uv": [15, 8, 16, 9], "texture": "#4"}, "west": {"uv": [15, 8, 16, 9], "texture": "#4"} } }, { "from": [0, -2.5, -0.5], "to": [3.5, -2, 1], "rotation": {"angle": 0, "axis": "y", "origin": [16, 0, 0]}, "faces": { "north": {"uv": [15, 8, 16, 9], "texture": "#4"}, "east": {"uv": [15, 8, 16, 9], "texture": "#4"}, "up": {"uv": [15, 8, 16, 9], "texture": "#4"} } }, { "from": [0, -2.5, -0.5], "to": [2.5, -1.5, 1], "rotation": {"angle": 0, "axis": "y", "origin": [16, 0, 0]}, "faces": { "north": {"uv": [15, 8, 16, 9], "texture": "#4"}, "east": {"uv": [15, 8, 16, 9], "texture": "#4"}, "up": {"uv": [15, 8, 16, 9], "texture": "#4"}, "down": {"uv": [15, 8, 16, 9], "texture": "#4"} } }, { "from": [0, -0.5, -0.5], "to": [2, 0.75, 1], "rotation": {"angle": 0, "axis": "y", "origin": [16, 0, 0]}, "faces": { "north": {"uv": [15, 8, 16, 9], "texture": "#4"}, "east": {"uv": [15, 8, 16, 9], "texture": "#4"}, "west": {"uv": [15, 8, 16, 9], "texture": "#4"} } }, { "from": [0, 0.25, -0.5], "to": [7, 1.75, 1], "rotation": {"angle": 0, "axis": "y", "origin": [16, 0, 0]}, "faces": { "north": {"uv": [15, 8, 16, 9], "texture": "#4"}, "east": {"uv": [15, 8, 16, 9], "texture": "#4"}, "west": {"uv": [15, 8, 16, 9], "texture": "#4"}, "down": {"uv": [15, 8, 16, 9], "texture": "#4"} } }, { "from": [0, 1.75, -0.5], "to": [7.5, 2.25, 1], "rotation": {"angle": 0, "axis": "y", "origin": [16, 0, 0]}, "faces": { "north": {"uv": [15, 8, 16, 9], "texture": "#4"}, "east": {"uv": [15, 8, 16, 9], "texture": "#4"}, "west": {"uv": [15, 8, 16, 9], "texture": "#4"}, "down": {"uv": [15, 8, 16, 9], "texture": "#4"} } }, { "from": [2.5, -0.5, -0.5], "to": [6.5, 0.75, 1], "rotation": {"angle": 0, "axis": "y", "origin": [16, 0, 0]}, "faces": { "north": {"uv": [15, 8, 16, 9], "texture": "#4"}, "east": {"uv": [15, 8, 16, 9], "texture": "#4"}, "west": {"uv": [15, 8, 16, 9], "texture": "#4"}, "down": {"uv": [15, 8, 16, 9], "texture": "#4"} } }, { "from": [3.5, -1, -0.5], "to": [12.5, -0.25, 1], "faces": { "north": {"uv": [15, 8, 16, 9], "texture": "#4"}, "east": {"uv": [15, 8, 16, 9], "texture": "#4"}, "west": {"uv": [15, 8, 16, 9], "texture": "#4"}, "up": {"uv": [15, 8, 16, 9], "texture": "#4"}, "down": {"uv": [15, 8, 16, 9], "texture": "#4"} } }, { "from": [9.5, -0.5, -0.5], "to": [13.5, 0.75, 1], "faces": { "north": {"uv": [15, 8, 16, 9], "texture": "#4"}, "east": {"uv": [15, 8, 16, 9], "texture": "#4"}, "west": {"uv": [15, 8, 16, 9], "texture": "#4"}, "down": {"uv": [15, 8, 16, 9], "texture": "#4"} } }, { "from": [5.5, -1.5, -0.5], "to": [10.5, -0.75, 1], "faces": { "north": {"uv": [15, 8, 16, 9], "texture": "#4"}, "east": {"uv": [15, 8, 16, 9], "texture": "#4"}, "west": {"uv": [15, 8, 16, 9], "texture": "#4"}, "down": {"uv": [15, 8, 16, 9], "texture": "#4"} } }, { "from": [0, 3.5, -0.5], "to": [1.5, 4, 1], "rotation": {"angle": 0, "axis": "y", "origin": [16, 0, 0]}, "faces": { "north": {"uv": [15, 8, 16, 9], "texture": "#4"}, "east": {"uv": [15, 8, 14, 9], "texture": "#4"}, "west": {"uv": [15, 8, 14, 9], "texture": "#4"}, "up": {"uv": [15, 8, 14, 9], "texture": "#4"} } }, { "from": [0, 4, -0.5], "to": [1, 5.5, 1], "rotation": {"angle": 0, "axis": "y", "origin": [16, 0, 0]}, "faces": { "north": {"uv": [15, 8, 16, 9], "texture": "#4"}, "east": {"uv": [15, 8, 14, 9], "texture": "#4"}, "west": {"uv": [15, 8, 14, 9], "texture": "#4"} } }, { "from": [0, 5.5, -0.5], "to": [1.5, 6, 1], "rotation": {"angle": 0, "axis": "y", "origin": [16, 0, 0]}, "faces": { "north": {"uv": [15, 8, 16, 9], "texture": "#4"}, "east": {"uv": [15, 8, 14, 9], "texture": "#4"}, "west": {"uv": [15, 8, 14, 9], "texture": "#4"}, "down": {"uv": [15, 8, 14, 9], "texture": "#4"} } }, { "from": [7.25, -0.25, -0.5], "to": [8.75, 0.25, 1], "rotation": {"angle": 0, "axis": "y", "origin": [16, 0, 0]}, "faces": { "north": {"uv": [15, 8, 16, 9], "texture": "#4"}, "east": {"uv": [15, 8, 16, 9], "texture": "#4"}, "west": {"uv": [15, 8, 16, 9], "texture": "#4"}, "up": {"uv": [15, 8, 16, 9], "texture": "#4"} } }, { "from": [7.75, -0.25, -0.5], "to": [8.25, 0.75, 1], "rotation": {"angle": 0, "axis": "y", "origin": [16, 0, 0]}, "faces": { "north": {"uv": [15, 8, 16, 9], "texture": "#4"}, "east": {"uv": [15, 8, 16, 9], "texture": "#4"}, "west": {"uv": [15, 8, 16, 9], "texture": "#4"}, "up": {"uv": [15, 8, 16, 9], "texture": "#4"} } }, { "from": [4.25, 4, -0.5], "to": [4.75, 5, 1], "rotation": {"angle": 0, "axis": "y", "origin": [16, 0, 0]}, "faces": { "north": {"uv": [15, 8, 16, 9], "texture": "#7"}, "east": {"uv": [15, 8, 16, 9], "texture": "#7"}, "west": {"uv": [15, 8, 16, 9], "texture": "#7"}, "up": {"uv": [15, 8, 16, 9], "texture": "#7"}, "down": {"uv": [15, 8, 16, 9], "texture": "#7"} } }, { "from": [14, 11.5, -0.525], "to": [14.5, 12, -0.5], "rotation": {"angle": 0, "axis": "y", "origin": [0, 16, 0]}, "faces": { "north": {"uv": [3, 3, 4, 4], "texture": "#4"}, "east": {"uv": [3, 3, 4, 4], "texture": "#4"}, "west": {"uv": [3, 3, 4, 4], "texture": "#4"}, "up": {"uv": [3, 3, 4, 4], "texture": "#4"}, "down": {"uv": [3, 3, 4, 4], "texture": "#4"} } }, { "from": [15, 10.5, -0.525], "to": [15.5, 11, -0.5], "rotation": {"angle": 0, "axis": "y", "origin": [0, 16, 0]}, "faces": { "north": {"uv": [3, 3, 4, 4], "texture": "#4"}, "east": {"uv": [3, 3, 4, 4], "texture": "#4"}, "west": {"uv": [3, 3, 4, 4], "texture": "#4"}, "up": {"uv": [3, 3, 4, 4], "texture": "#4"}, "down": {"uv": [3, 3, 4, 4], "texture": "#4"} } }, { "from": [12.5, 11.5, -0.525], "to": [13, 12, -0.5], "rotation": {"angle": 0, "axis": "y", "origin": [0, 16, 0]}, "faces": { "north": {"uv": [3, 3, 4, 4], "texture": "#4"}, "east": {"uv": [3, 3, 4, 4], "texture": "#4"}, "west": {"uv": [3, 3, 4, 4], "texture": "#4"}, "up": {"uv": [3, 3, 4, 4], "texture": "#4"}, "down": {"uv": [3, 3, 4, 4], "texture": "#4"} } }, { "from": [13.5, 11, -0.525], "to": [14, 11.5, -0.5], "rotation": {"angle": 0, "axis": "y", "origin": [0, 16, 0]}, "faces": { "north": {"uv": [3, 3, 4, 4], "texture": "#4"}, "east": {"uv": [3, 3, 4, 4], "texture": "#4"}, "west": {"uv": [3, 3, 4, 4], "texture": "#4"}, "up": {"uv": [3, 3, 4, 4], "texture": "#4"}, "down": {"uv": [3, 3, 4, 4], "texture": "#4"} } }, { "from": [14.5, 10, -0.525], "to": [15, 10.5, -0.5], "rotation": {"angle": 0, "axis": "y", "origin": [0, 16, 0]}, "faces": { "north": {"uv": [3, 3, 4, 4], "texture": "#4"}, "east": {"uv": [3, 3, 4, 4], "texture": "#4"}, "west": {"uv": [3, 3, 4, 4], "texture": "#4"}, "up": {"uv": [3, 3, 4, 4], "texture": "#4"}, "down": {"uv": [3, 3, 4, 4], "texture": "#4"} } }, { "from": [12, 11, -0.525], "to": [12.5, 11.5, -0.5], "rotation": {"angle": 0, "axis": "y", "origin": [0, 16, 0]}, "faces": { "north": {"uv": [3, 3, 4, 4], "texture": "#4"}, "east": {"uv": [3, 3, 4, 4], "texture": "#4"}, "west": {"uv": [3, 3, 4, 4], "texture": "#4"}, "up": {"uv": [3, 3, 4, 4], "texture": "#4"}, "down": {"uv": [3, 3, 4, 4], "texture": "#4"} } }, { "from": [14, 9, -0.525], "to": [14.5, 10, -0.5], "rotation": {"angle": 0, "axis": "y", "origin": [0, 16, 0]}, "faces": { "north": {"uv": [3, 3, 4, 4], "texture": "#4"}, "east": {"uv": [3, 3, 4, 4], "texture": "#4"}, "west": {"uv": [3, 3, 4, 4], "texture": "#4"}, "up": {"uv": [3, 3, 4, 4], "texture": "#4"}, "down": {"uv": [3, 3, 4, 4], "texture": "#4"} } }, { "from": [11.5, 10.5, -0.525], "to": [12, 11, -0.5], "rotation": {"angle": 0, "axis": "y", "origin": [0, 16, 0]}, "faces": { "north": {"uv": [3, 3, 4, 4], "texture": "#4"}, "east": {"uv": [3, 3, 4, 4], "texture": "#4"}, "west": {"uv": [3, 3, 4, 4], "texture": "#4"}, "up": {"uv": [3, 3, 4, 4], "texture": "#4"}, "down": {"uv": [3, 3, 4, 4], "texture": "#4"} } }, { "from": [13, 10, -0.525], "to": [13.5, 11, -0.5], "rotation": {"angle": 0, "axis": "y", "origin": [0, 16, 0]}, "faces": { "north": {"uv": [3, 3, 4, 4], "texture": "#4"}, "east": {"uv": [3, 3, 4, 4], "texture": "#4"}, "west": {"uv": [3, 3, 4, 4], "texture": "#4"}, "up": {"uv": [3, 3, 4, 4], "texture": "#4"}, "down": {"uv": [3, 3, 4, 4], "texture": "#4"} } }, { "from": [12, 7.5, -0.525], "to": [12.5, 9, -0.5], "rotation": {"angle": 0, "axis": "y", "origin": [0, 16, 0]}, "faces": { "north": {"uv": [3, 3, 4, 4], "texture": "#4"}, "east": {"uv": [3, 3, 4, 4], "texture": "#4"}, "west": {"uv": [3, 3, 4, 4], "texture": "#4"}, "up": {"uv": [3, 3, 4, 4], "texture": "#4"}, "down": {"uv": [3, 3, 4, 4], "texture": "#4"} } }, { "from": [3.975, 5.475, -0.525], "to": [5.5, 6, 0], "rotation": {"angle": 0, "axis": "y", "origin": [0, 16, 0]}, "faces": { "north": {"uv": [13, 0, 12, 1], "texture": "#5"}, "east": {"uv": [13, 0, 12, 1], "texture": "#5"}, "west": {"uv": [13, 0, 12, 1], "texture": "#5"}, "up": {"uv": [13, 0, 12, 1], "texture": "#5"}, "down": {"uv": [13, 0, 12, 1], "texture": "#5"} } }, { "from": [10.5, 5.475, -0.525], "to": [12.025, 6, 0], "rotation": {"angle": 0, "axis": "y", "origin": [16, 16, 0]}, "faces": { "north": {"uv": [13, 0, 12, 1], "texture": "#5"}, "east": {"uv": [13, 0, 12, 1], "texture": "#5"}, "down": {"uv": [13, 0, 12, 1], "texture": "#5"} } }, { "from": [10, 4.975, -0.525], "to": [10.525, 6, 0], "rotation": {"angle": 0, "axis": "y", "origin": [16, 16, 0]}, "faces": { "north": {"uv": [13, 0, 12, 1], "texture": "#5"}, "east": {"uv": [13, 0, 12, 1], "texture": "#5"}, "west": {"uv": [13, 0, 12, 1], "texture": "#5"}, "up": {"uv": [13, 0, 12, 1], "texture": "#5"}, "down": {"uv": [13, 0, 12, 1], "texture": "#5"} } }, { "from": [3.475, 6, -0.525], "to": [5, 6.5, 0], "rotation": {"angle": 0, "axis": "y", "origin": [0, 16, 0]}, "faces": { "north": {"uv": [13, 0, 14, 1], "texture": "#5"}, "east": {"uv": [13, 0, 14, 1], "texture": "#5"}, "west": {"uv": [13, 0, 14, 1], "texture": "#5"}, "up": {"uv": [13, 0, 14, 1], "texture": "#5"}, "down": {"uv": [13, 0, 14, 1], "texture": "#5"} } }, { "from": [10.5, 6, -0.525], "to": [12.525, 6.5, 0], "rotation": {"angle": 0, "axis": "y", "origin": [16, 16, 0]}, "faces": { "north": {"uv": [13, 0, 14, 1], "texture": "#5"}, "east": {"uv": [13, 0, 14, 1], "texture": "#5"}, "west": {"uv": [13, 0, 14, 1], "texture": "#5"}, "up": {"uv": [13, 0, 14, 1], "texture": "#5"}, "down": {"uv": [13, 0, 14, 1], "texture": "#5"} } }, { "from": [3.475, 6.5, -0.525], "to": [4.5, 7, 0], "rotation": {"angle": 0, "axis": "y", "origin": [0, 16, 0]}, "faces": { "north": {"uv": [0, 0, 1, 1], "texture": "#5"}, "east": {"uv": [0, 0, 1, 1], "texture": "#5"}, "west": {"uv": [0, 0, 1, 1], "texture": "#5"}, "up": {"uv": [0, 0, 1, 1], "texture": "#5"} } }, { "from": [3.475, 7, -0.525], "to": [4, 8, 0], "rotation": {"angle": 0, "axis": "y", "origin": [0, 16, 0]}, "faces": { "north": {"uv": [0, 0, 1, 1], "texture": "#5"}, "east": {"uv": [0, 0, 1, 1], "texture": "#5"}, "west": {"uv": [0, 0, 1, 1], "texture": "#5"}, "up": {"uv": [0, 0, 1, 1], "texture": "#5"} } }, { "from": [5.25, 1, -0.525], "to": [6.25, 2.5, -0.5], "rotation": {"angle": 0, "axis": "y", "origin": [0, 16, 0]}, "faces": { "north": {"uv": [0, 0, 1, 1], "texture": "#5"}, "east": {"uv": [0, 0, 1, 1], "texture": "#5"}, "west": {"uv": [0, 0, 1, 1], "texture": "#5"}, "down": {"uv": [0, 0, 1, 1], "texture": "#5"} } }, { "from": [4.75, 1.5, -0.525], "to": [5.25, 2.5, -0.5], "rotation": {"angle": 0, "axis": "y", "origin": [0, 16, 0]}, "faces": { "north": {"uv": [0, 0, 1, 1], "texture": "#5"}, "down": {"uv": [0, 0, 1, 1], "texture": "#5"} } }, { "from": [10.75, 1.5, -0.525], "to": [11.25, 2, -0.5], "rotation": {"angle": 0, "axis": "y", "origin": [16, 16, 0]}, "faces": { "north": {"uv": [0, 0, 1, 1], "texture": "#5"}, "east": {"uv": [0, 0, 1, 1], "texture": "#5"}, "west": {"uv": [0, 0, 1, 1], "texture": "#5"}, "down": {"uv": [0, 0, 1, 1], "texture": "#5"} } }, { "from": [4.25, 1, -0.525], "to": [4.75, 2.5, -0.5], "rotation": {"angle": 0, "axis": "y", "origin": [0, 16, 0]}, "faces": { "north": {"uv": [0, 0, 1, 1], "texture": "#5"}, "east": {"uv": [0, 0, 1, 1], "texture": "#5"}, "west": {"uv": [0, 0, 1, 1], "texture": "#5"}, "down": {"uv": [0, 0, 1, 1], "texture": "#5"} } }, { "from": [3.75, 2, -0.525], "to": [4.75, 2.5, -0.5], "rotation": {"angle": 0, "axis": "y", "origin": [0, 16, 0]}, "faces": { "north": {"uv": [0, 0, 1, 1], "texture": "#5"}, "west": {"uv": [0, 0, 1, 1], "texture": "#5"}, "down": {"uv": [0, 0, 1, 1], "texture": "#5"} } }, { "from": [10.25, 2, -0.525], "to": [12.25, 2.5, -0.5], "rotation": {"angle": 0, "axis": "y", "origin": [16, 16, 0]}, "faces": { "north": {"uv": [0, 0, 1, 1], "texture": "#5"}, "east": {"uv": [0, 0, 1, 1], "texture": "#5"}, "west": {"uv": [0, 0, 1, 1], "texture": "#5"}, "down": {"uv": [0, 0, 1, 1], "texture": "#5"} } }, { "from": [2.75, 2.5, -0.525], "to": [6.25, 3, -0.5], "rotation": {"angle": 0, "axis": "y", "origin": [0, 16, 0]}, "faces": { "north": {"uv": [13, 0, 14, 1], "texture": "#5"}, "east": {"uv": [13, 0, 14, 1], "texture": "#5"}, "west": {"uv": [13, 0, 14, 1], "texture": "#5"}, "up": {"uv": [13, 0, 14, 1], "texture": "#5"}, "down": {"uv": [13, 0, 14, 1], "texture": "#5"} } }, { "from": [10.25, 2.5, -0.525], "to": [13.25, 3, -0.5], "rotation": {"angle": 0, "axis": "y", "origin": [16, 16, 0]}, "faces": { "north": {"uv": [13, 0, 14, 1], "texture": "#5"}, "east": {"uv": [13, 0, 14, 1], "texture": "#5"}, "west": {"uv": [13, 0, 14, 1], "texture": "#5"}, "down": {"uv": [13, 0, 14, 1], "texture": "#5"} } }, { "from": [1.5, 3, -0.525], "to": [5.75, 3.5, -0.5], "rotation": {"angle": 0, "axis": "y", "origin": [0, 16, 0]}, "faces": { "north": {"uv": [13, 0, 12, 1], "texture": "#5"}, "east": {"uv": [13, 0, 12, 1], "texture": "#5"}, "west": {"uv": [13, 0, 12, 1], "texture": "#5"}, "up": {"uv": [13, 0, 12, 1], "texture": "#5"}, "down": {"uv": [13, 0, 12, 1], "texture": "#5"} } }, { "from": [9.75, 3, -0.525], "to": [14, 3.5, -0.5], "rotation": {"angle": 0, "axis": "y", "origin": [16, 16, 0]}, "faces": { "north": {"uv": [13, 0, 12, 1], "texture": "#5"}, "east": {"uv": [13, 0, 12, 1], "texture": "#5"}, "west": {"uv": [13, 0, 12, 1], "texture": "#5"}, "up": {"uv": [13, 0, 12, 1], "texture": "#5"}, "down": {"uv": [13, 0, 12, 1], "texture": "#5"} } }, { "from": [5.75, 0, -0.525], "to": [6.25, 1.5, -0.5], "rotation": {"angle": 0, "axis": "y", "origin": [0, 16, 0]}, "faces": { "north": {"uv": [0, 0, 1, 1], "texture": "#5"}, "east": {"uv": [0, 0, 1, 1], "texture": "#5"}, "west": {"uv": [0, 0, 1, 1], "texture": "#5"}, "down": {"uv": [0, 0, 1, 1], "texture": "#5"} } }, { "from": [12.5, 9, -0.525], "to": [13, 10, -0.5], "rotation": {"angle": 0, "axis": "y", "origin": [0, 16, 0]}, "faces": { "north": {"uv": [3, 3, 4, 4], "texture": "#4"}, "east": {"uv": [3, 3, 4, 4], "texture": "#4"}, "west": {"uv": [3, 3, 4, 4], "texture": "#4"}, "up": {"uv": [3, 3, 4, 4], "texture": "#4"}, "down": {"uv": [3, 3, 4, 4], "texture": "#4"} } }, { "from": [3, -5, 0], "to": [13, -3.5, 1], "faces": { "north": {"uv": [11, 8, 12, 9], "texture": "#4"}, "east": {"uv": [11, 8, 12, 9], "texture": "#4"}, "west": {"uv": [11, 8, 12, 9], "texture": "#4"}, "down": {"uv": [11, 8, 12, 9], "texture": "#4"} } }, { "from": [1.5, -4.5, 0], "to": [14.5, 12.5, 1], "rotation": {"angle": 0, "axis": "y", "origin": [0, 16, 0]}, "faces": { "north": {"uv": [11, 8, 12, 9], "texture": "#4"}, "east": {"uv": [11, 8, 12, 9], "texture": "#4"}, "west": {"uv": [11, 8, 12, 9], "texture": "#4"}, "up": {"uv": [11, 8, 12, 9], "texture": "#4"}, "down": {"uv": [11, 8, 12, 9], "texture": "#4"} } }, { "from": [1, -3, -0.075], "to": [15.25, 6.75, 1], "rotation": {"angle": 0, "axis": "y", "origin": [0, 16, 0]}, "faces": { "north": {"uv": [11, 8, 12, 9], "texture": "#4"} } }, { "from": [0.5, -4, 0], "to": [15.5, 12, 1], "faces": { "north": {"uv": [11, 8, 12, 9], "texture": "#4"}, "east": {"uv": [11, 8, 12, 9], "texture": "#4"}, "west": {"uv": [11, 8, 12, 9], "texture": "#4"}, "up": {"uv": [11, 8, 12, 9], "texture": "#4"}, "down": {"uv": [11, 8, 12, 9], "texture": "#4"} } }, { "from": [0, -3.5, 0], "to": [16, 11.5, 1], "faces": { "north": {"uv": [11, 8, 12, 9], "texture": "#4"}, "east": {"uv": [11, 8, 12, 9], "texture": "#4"}, "west": {"uv": [11, 8, 12, 9], "texture": "#4"}, "up": {"uv": [11, 8, 12, 9], "texture": "#4"}, "down": {"uv": [11, 8, 12, 9], "texture": "#4"} } }, { "from": [-0.5, -2.5, 0], "to": [16.5, 10.5, 1], "faces": { "north": {"uv": [11, 8, 12, 9], "texture": "#4"}, "east": {"uv": [11, 8, 12, 9], "texture": "#4"}, "west": {"uv": [11, 8, 12, 9], "texture": "#4"}, "up": {"uv": [11, 8, 12, 9], "texture": "#4"}, "down": {"uv": [11, 8, 12, 9], "texture": "#4"} } }, { "from": [-0.5, -3, 1], "to": [16.5, 11, 2], "faces": { "north": {"uv": [9, 8, 10, 9], "texture": "#4"}, "east": {"uv": [9, 8, 10, 9], "texture": "#4"}, "south": {"uv": [9, 8, 10, 9], "texture": "#4"}, "west": {"uv": [9, 8, 10, 9], "texture": "#4"}, "up": {"uv": [9, 8, 10, 9], "texture": "#4"}, "down": {"uv": [9, 8, 10, 9], "texture": "#4"} } }, { "from": [4, 10, 0.5], "to": [12, 13.5, 2], "rotation": {"angle": 0, "axis": "y", "origin": [0, 16, 0]}, "faces": { "north": {"uv": [9, 8, 10, 9], "texture": "#4"}, "east": {"uv": [9, 8, 10, 9], "texture": "#4"}, "south": {"uv": [9, 8, 10, 9], "texture": "#4"}, "west": {"uv": [9, 8, 10, 9], "texture": "#4"}, "up": {"uv": [9, 8, 10, 9], "texture": "#4"} } }, { "from": [1.5, 9.5, 1], "to": [14.5, 13, 2], "rotation": {"angle": 0, "axis": "y", "origin": [0, 16, 0]}, "faces": { "north": {"uv": [9, 8, 10, 9], "texture": "#4"}, "east": {"uv": [9, 8, 10, 9], "texture": "#4"}, "south": {"uv": [9, 8, 10, 9], "texture": "#4"}, "west": {"uv": [9, 8, 10, 9], "texture": "#4"}, "up": {"uv": [9, 8, 10, 9], "texture": "#4"} } }, { "from": [0.5, 9, 1], "to": [15.5, 12.5, 2], "rotation": {"angle": 0, "axis": "y", "origin": [0, 16, 0]}, "faces": { "north": {"uv": [9, 8, 10, 9], "texture": "#4"}, "east": {"uv": [9, 8, 10, 9], "texture": "#4"}, "south": {"uv": [9, 8, 10, 9], "texture": "#4"}, "west": {"uv": [9, 8, 10, 9], "texture": "#4"}, "up": {"uv": [9, 8, 10, 9], "texture": "#4"} } }, { "from": [0.5, -4.5, 1], "to": [15.5, -2, 2], "faces": { "north": {"uv": [9, 8, 10, 9], "texture": "#4"}, "east": {"uv": [9, 8, 10, 9], "texture": "#4"}, "south": {"uv": [9, 8, 10, 9], "texture": "#4"}, "west": {"uv": [9, 8, 10, 9], "texture": "#4"}, "down": {"uv": [9, 8, 10, 9], "texture": "#4"} } }, { "from": [0, -4, 1], "to": [16, 12, 2], "faces": { "north": {"uv": [9, 8, 10, 9], "texture": "#4"}, "east": {"uv": [9, 8, 10, 9], "texture": "#4"}, "south": {"uv": [9, 8, 10, 9], "texture": "#4"}, "west": {"uv": [9, 8, 10, 9], "texture": "#4"}, "up": {"uv": [9, 8, 10, 9], "texture": "#4"}, "down": {"uv": [9, 8, 10, 9], "texture": "#4"} } }, { "from": [1.5, -5, 1], "to": [14.5, -2.5, 2], "faces": { "north": {"uv": [9, 8, 10, 9], "texture": "#4"}, "east": {"uv": [9, 8, 10, 9], "texture": "#4"}, "south": {"uv": [9, 8, 10, 9], "texture": "#4"}, "west": {"uv": [9, 8, 10, 9], "texture": "#4"}, "down": {"uv": [9, 8, 10, 9], "texture": "#4"} } }, { "from": [3, -5.5, 1], "to": [13, -3, 2], "faces": { "north": {"uv": [9, 8, 10, 9], "texture": "#4"}, "east": {"uv": [9, 8, 10, 9], "texture": "#4"}, "south": {"uv": [9, 8, 10, 9], "texture": "#4"}, "west": {"uv": [9, 8, 10, 9], "texture": "#4"}, "down": {"uv": [9, 8, 10, 9], "texture": "#4"} } }, { "from": [-1, 1, 0.5], "to": [17, 7, 1.5], "faces": { "north": {"uv": [4, 6, 5, 7], "texture": "#5"}, "east": {"uv": [4, 6, 5, 7], "texture": "#5"}, "south": {"uv": [4, 6, 5, 7], "texture": "#5"}, "west": {"uv": [4, 6, 5, 7], "texture": "#5"}, "up": {"uv": [4, 6, 5, 7], "texture": "#5"}, "down": {"uv": [4, 6, 5, 7], "texture": "#5"} } }, { "from": [-0.75, 4.5, 1.5], "to": [-0.25, 6, 19.25], "rotation": {"angle": 0, "axis": "y", "origin": [16, 0, 0]}, "faces": { "east": {"uv": [12, 3, 11, 7], "texture": "#6"}, "west": {"uv": [12, 3, 11, 7], "texture": "#6"}, "up": {"uv": [12, 3, 11, 7], "texture": "#6"}, "down": {"uv": [12, 3, 11, 7], "texture": "#6"} } }, { "from": [-0.75, 2, 1.5], "to": [-0.25, 3.5, 19.25], "rotation": {"angle": 0, "axis": "y", "origin": [16, 0, 0]}, "faces": { "east": {"uv": [12, 3, 11, 7], "texture": "#6"}, "south": {"uv": [12, 3, 11, 7], "texture": "#6"}, "west": {"uv": [12, 3, 11, 7], "texture": "#6"}, "up": {"uv": [12, 3, 11, 7], "texture": "#6"}, "down": {"uv": [12, 3, 11, 7], "texture": "#6"} } }, { "from": [-0.75, 4.5, 18.75], "to": [16.25, 6, 19.25], "rotation": {"angle": 0, "axis": "y", "origin": [-0.5, 0.5, 0]}, "faces": { "north": {"uv": [12, 3, 11, 7], "texture": "#6"}, "south": {"uv": [12, 3, 11, 7], "texture": "#6"}, "up": {"uv": [12, 3, 11, 7], "texture": "#6"}, "down": {"uv": [12, 3, 11, 7], "texture": "#6"} } }, { "from": [-0.5, 2, 18.75], "to": [16.5, 3.5, 19.25], "rotation": {"angle": 0, "axis": "y", "origin": [-0.25, 0, 0]}, "faces": { "north": {"uv": [12, 3, 11, 7], "texture": "#6"}, "south": {"uv": [12, 3, 11, 7], "texture": "#6"}, "up": {"uv": [12, 3, 11, 7], "texture": "#6"}, "down": {"uv": [12, 3, 11, 7], "texture": "#6"} } }, { "from": [4.5, 1.5, 18.5], "to": [11.5, 6.5, 19.5], "rotation": {"angle": 0, "axis": "y", "origin": [0.5, 0, 0]}, "faces": { "north": {"uv": [4, 2, 5, 3], "texture": "#5"}, "east": {"uv": [4, 2, 5, 3], "texture": "#5"}, "south": {"uv": [4, 2, 5, 3], "texture": "#5"}, "west": {"uv": [4, 2, 5, 3], "texture": "#5"}, "up": {"uv": [4, 2, 5, 3], "texture": "#5"}, "down": {"uv": [4, 2, 5, 3], "texture": "#5"} } }, { "from": [16.25, 2, 1.5], "to": [16.75, 3.5, 19.25], "faces": { "east": {"uv": [12, 3, 11, 7], "texture": "#6"}, "south": {"uv": [12, 3, 11, 7], "texture": "#6"}, "west": {"uv": [12, 3, 11, 7], "texture": "#6"}, "up": {"uv": [12, 3, 11, 7], "texture": "#6"}, "down": {"uv": [12, 3, 11, 7], "texture": "#6"} } }, { "from": [16.25, 4.5, 1.5], "to": [16.75, 6, 19.25], "faces": { "east": {"uv": [12, 3, 11, 7], "texture": "#6"}, "south": {"uv": [12, 3, 11, 7], "texture": "#6"}, "west": {"uv": [12, 3, 11, 7], "texture": "#6"}, "up": {"uv": [12, 3, 11, 7], "texture": "#6"}, "down": {"uv": [12, 3, 11, 7], "texture": "#6"} } } ], "display": { "thirdperson_righthand": { "rotation": [89, 0, 0], "translation": [0, -1.5, 1], "scale": [0.23, 0.23, 0.23] }, "thirdperson_lefthand": { "rotation": [89, 0, 0], "translation": [0, -1.5, 1], "scale": [0.23, 0.23, 0.23] }, "firstperson_righthand": { "rotation": [0, 108, 0], "translation": [1.5, 5.5, 0], "scale": [0.38, 0.38, 0.38] }, "firstperson_lefthand": { "rotation": [0, 108, 0], "translation": [1.5, 5.5, 0], "scale": [0.38, 0.38, 0.38] }, "ground": { "rotation": [33, 0, 0], "translation": [0, 0.75, 0], "scale": [0.44, 0.44, 0.44] }, "gui": { "rotation": [-27, 165, 29], "translation": [1.75, 1, 0], "scale": [0.62, 0.62, 0.62] }, "head": { "translation": [0, 3, -1.75], "scale": [0.77, 0.77, 0.77] } }, "groups": [ { "name": "group", "origin": [8, 8, 8], "color": 0, "children": [ 0, 1, 2, 3, 4, 5, 6, 7, 8, 9, 10, 11, 12, { "name": "group", "origin": [16, 0, 0], "color": 0, "children": [13, 14, 15, 16, 17, 18, 19, 20, 21, 22, 23, 24, 25, 26, 27, 28, 29, 30, 31, 32, 33, 34, 35, 36, 37, 38, 39, 40, 41, 42, 43, 44, 45, 46, 47, 48, 49, 50, 51, 52] }, 53, 54, 55, 56, 57, 58, 59, 60, 61, 62, 63, 64, 65, 66, 67, 68, 69, 70, 71, 72, 73, 74, 75, 76, 77, 78, 79, 80, 81 ] }, { "name": "group", "origin": [0, 0, 0], "color": 0, "children": [82, 83, 84, 85, 86, 87] }, { "name": "group", "origin": [8, 8, 8], "color": 0, "children": [88, 89, 90, 91, 92, 93, 94, 95] }, { "name": "group", "origin": [0, 0, 0], "color": 0, "children": [96, 97, 98, 99, 100, 101, 102, 103] } ] }